esp_ms,pos_deg,vel_deg_s,target_deg,vq,os_time
34703,1.05,-0.57,1.54,0.059,1774656487.0524776
34714,1.05,-0.57,1.55,0.061,1774656487.0534797
34725,1.05,-0.57,1.56,0.062,1774656487.0534797
34736,1.05,-0.57,1.58,0.063,1774656487.0544796
34747,1.05,-0.57,1.59,0.065,1774656487.0544796
34758,1.05,-0.57,1.6,0.066,1774656487.055478
34770,1.05,-0.57,1.61,0.068,1774656487.055478
34781,1.05,-0.57,1.62,0.069,1774656487.0564778
34792,1.05,-0.57,1.63,0.07,1774656487.0564778
34803,1.09,-0.57,1.64,0.065,1774656487.0574772
34814,1.14,-0.57,1.65,0.059,1774656487.061477
34825,1.14,-0.57,1.66,0.065,1774656487.0714781
34836,1.14,-0.57,1.68,0.066,1774656487.0824764
34847,1.14,-0.57,1.69,0.068,1774656487.0944788
34858,1.14,-0.57,1.7,0.069,1774656487.1054797
34869,1.14,-0.57,1.71,0.071,1774656487.1164792
34880,1.14,-0.57,1.72,0.072,1774656487.1274781
34891,1.14,-0.57,1.73,0.073,1774656487.1384785
34902,1.14,-0.57,1.74,0.075,1774656487.149478
34913,1.14,-0.57,1.75,0.076,1774656487.160479
34924,1.14,-0.57,1.76,0.077,1774656487.1714792
34935,1.14,-0.57,1.77,0.079,1774656487.1824796
34946,1.14,-0.57,1.79,0.08,1774656487.1934788
34957,1.14,-0.57,1.8,0.082,1774656487.2044783
34968,1.14,-0.57,1.81,0.083,1774656487.215479
34979,1.14,-0.57,1.82,0.084,1774656487.2264788
34990,1.2,-0.57,1.83,0.075,1774656487.237479
35001,1.23,-0.57,1.84,0.075,1774656487.2484784
35012,1.23,-0.57,1.85,0.079,1774656487.2594783
35023,1.23,-0.57,1.86,0.081,1774656487.27048
35034,1.23,-0.57,1.87,0.082,1774656487.2814772
35045,1.23,-0.57,1.88,0.084,1774656487.2924776
35056,1.23,-0.57,1.9,0.085,1774656487.303479
35067,1.23,-0.56,1.91,0.086,1774656487.3144796
35078,1.23,-0.56,1.92,0.088,1774656487.3254786
35089,1.23,-0.56,1.93,0.089,1774656487.3364794
35100,1.23,-0.56,1.94,0.091,1774656487.3474784
35111,1.23,-0.56,1.95,0.092,1774656487.3584778
35122,1.23,-0.56,1.96,0.093,1774656487.3694794
35133,1.23,-0.56,1.97,0.095,1774656487.3804781
35144,1.23,-0.56,1.98,0.096,1774656487.3914783
35155,1.31,-0.56,1.99,0.081,1774656487.4024777
35166,1.32,-0.56,2.01,0.09,1774656487.4134786
35177,1.32,-0.56,2.02,0.091,1774656487.425478
35188,1.32,-0.56,2.03,0.093,1774656487.4360037
35199,1.32,-0.56,2.04,0.094,1774656487.4470031
35210,1.32,-0.56,2.05,0.096,1774656487.458005
35221,1.32,-0.56,2.06,0.097,1774656487.4690046
35232,1.32,-0.56,2.07,0.098,1774656487.4800034
35243,1.32,-0.56,2.08,0.1,1774656487.4910045
35254,1.32,-0.56,2.09,0.101,1774656487.5020044
35265,1.32,-0.56,2.1,0.103,1774656487.5130043
35276,1.32,-0.56,2.12,0.104,1774656487.524003
35287,1.32,-0.56,2.13,0.106,1774656487.5350044
35298,1.32,-0.56,2.14,0.107,1774656487.5460038
35309,0.02,-0.59,2.15,0.368,1774656487.5570023
35320,0.93,-0.57,2.16,0.065,1774656487.5680046
35331,0.8,-0.57,2.17,0.179,1774656487.5790045
35342,0.79,-0.57,2.18,0.17,1774656487.5900042
35354,0.57,-0.58,2.19,0.215,1774656487.6010044
35365,0.62,-0.58,2.2,0.187,1774656487.612004
35376,0.62,-0.58,2.21,0.193,1774656487.623004
35387,0.62,-0.58,2.23,0.195,1774656487.6340039
35398,0.62,-0.58,2.24,0.197,1774656487.645003
35409,0.62,-0.57,2.25,0.199,1774656487.656005
35420,0.62,-0.57,2.26,0.2,1774656487.6670032
35431,0.62,-0.57,2.27,0.202,1774656487.6780038
35442,0.62,-0.57,2.28,0.204,1774656487.6890025
35453,0.62,-0.57,2.29,0.206,1774656487.7000017
35464,0.62,-0.57,2.3,0.207,1774656487.711002
35475,0.62,-0.57,2.31,0.209,1774656487.722004
35486,0.62,-0.57,2.33,0.211,1774656487.7340033
35497,0.62,-0.57,2.34,0.213,1774656487.7440028
35508,0.62,-0.57,2.35,0.215,1774656487.7550044
35519,0.62,-0.57,2.36,0.217,1774656487.7660046
35530,0.62,-0.57,2.37,0.218,1774656487.7770038
35541,0.62,-0.57,2.38,0.22,1774656487.788005
35552,0.62,-0.57,2.39,0.222,1774656487.7990022
35563,0.62,-0.57,2.4,0.224,1774656487.810005
35574,0.62,-0.57,2.41,0.226,1774656487.821003
35585,0.62,-0.57,2.42,0.228,1774656487.8320045
35596,0.62,-0.57,2.44,0.229,1774656487.8430045
35607,0.62,-0.57,2.45,0.231,1774656487.8540027
35618,0.7,-0.57,2.46,0.216,1774656487.865004
35629,0.7,-0.57,2.47,0.225,1774656487.8760023
35640,0.7,-0.57,2.48,0.227,1774656487.8870034
35651,0.7,-0.57,2.49,0.229,1774656487.8990028
35662,0.7,-0.57,2.5,0.231,1774656487.9100063
35673,0.7,-0.57,2.51,0.233,1774656487.9210038
35684,0.7,-0.57,2.52,0.235,1774656487.9320035
35695,0.74,-0.57,2.53,0.23,1774656487.9425232
35706,0.79,-0.57,2.55,0.224,1774656487.9535232
35717,0.79,-0.57,2.56,0.231,1774656487.9649127
35728,0.79,-0.57,2.57,0.233,1774656487.9759135
35739,0.79,-0.57,2.58,0.235,1774656487.9869144
35750,0.79,-0.57,2.59,0.237,1774656487.9979143
35761,0.79,-0.57,2.6,0.238,1774656488.008914
35772,0.79,-0.57,2.61,0.24,1774656488.0199144
35783,0.79,-0.57,2.62,0.242,1774656488.0309124
35794,0.79,-0.57,2.63,0.244,1774656488.0419154
35805,0.87,-0.56,2.64,0.231,1774656488.0524368
35816,0.88,-0.56,2.66,0.237,1774656488.0634358
35827,0.88,-0.56,2.67,0.24,1774656488.0744362
35838,0.88,-0.56,2.68,0.242,1774656488.0854359
35849,0.88,-0.56,2.69,0.244,1774656488.0964372
35860,0.88,-0.56,2.7,0.246,1774656488.1074374
35871,0.88,-0.56,2.71,0.248,1774656488.118437
35882,0.88,-0.56,2.72,0.249,1774656488.1294367
35893,0.97,-0.56,2.73,0.234,1774656488.140437
35904,0.97,-0.56,2.74,0.244,1774656488.151437
35915,0.97,-0.56,2.75,0.246,1774656488.1634371
35927,0.97,-0.56,2.77,0.248,1774656488.1734405
35938,0.97,-0.56,2.78,0.249,1774656488.184438
35949,0.97,-0.56,2.79,0.251,1774656488.1954372
35960,0.97,-0.56,2.8,0.253,1774656488.2074378
35971,0.97,-0.56,2.81,0.255,1774656488.2184374
35982,0.97,-0.56,2.82,0.257,1774656488.2294388
35993,1.02,-0.56,2.83,0.247,1774656488.239962
36004,1.05,-0.56,2.84,0.248,1774656488.2509625
36015,1.05,-0.56,2.85,0.253,1774656488.2619612
36026,1.05,-0.56,2.87,0.255,1774656488.2729595
36037,1.05,-0.56,2.88,0.257,1774656488.2839627
36048,1.05,-0.56,2.89,0.259,1774656488.2949595
36059,1.05,-0.56,2.9,0.261,1774656488.3059614
36070,1.05,-0.56,2.91,0.262,1774656488.316961
36081,1.05,-0.56,2.92,0.264,1774656488.3279607
36092,1.09,-0.55,2.93,0.259,1774656488.3389611
36103,1.14,-0.55,2.94,0.254,1774656488.3499613
36114,1.14,-0.55,2.95,0.261,1774656488.3609622
36125,1.14,-0.55,2.96,0.262,1774656488.3729625
36136,1.14,-0.55,2.98,0.264,1774656488.382962
36147,1.14,-0.55,2.99,0.266,1774656488.3945444
36158,1.14,-0.55,3.0,0.268,1774656488.4055436
36169,1.14,-0.55,3.01,0.27,1774656488.416544
36180,1.22,-0.55,3.02,0.256,1774656488.4275439
36191,1.23,-0.55,3.03,0.263,1774656488.4385443
36202,1.23,-0.55,3.04,0.266,1774656488.4495447
36213,1.23,-0.55,3.05,0.268,1774656488.460543
36224,1.23,-0.55,3.06,0.27,1774656488.4715428
36235,1.23,-0.55,3.07,0.272,1774656488.4825454
36246,1.23,-0.55,3.09,0.274,1774656488.4931672
36257,1.23,-0.55,3.1,0.275,1774656488.505167
36268,1.23,-0.55,3.11,0.277,1774656488.5161672
36279,1.32,-0.55,3.12,0.262,1774656488.527167
36290,1.32,-0.55,3.13,0.272,1774656488.538031
36301,1.32,-0.55,3.14,0.274,1774656488.548869
36312,1.32,-0.55,3.15,0.275,1774656488.5598693
36323,1.32,-0.55,3.16,0.277,1774656488.5708683
36334,1.32,-0.55,3.17,0.279,1774656488.5818672
36345,1.32,-0.55,3.18,0.281,1774656488.5938687
36356,1.32,-0.55,3.2,0.283,1774656488.6037946
36367,0.01,-0.58,3.21,0.546,1774656488.6146636
36378,1.81,-0.54,3.22,0.217,1774656488.625663
36389,2.58,-0.52,3.23,0.084,1774656488.6366673
36400,1.94,-0.53,3.24,0.286,1774656488.6476762
36411,0.76,-0.56,3.25,0.464,1774656488.658676
36422,2.3,-0.52,3.26,0.134,1774656488.6696777
36433,2.07,-0.53,3.27,0.24,1774656488.6806755
36444,2.22,-0.52,3.28,0.189,1774656488.691676
36455,1.7,-0.54,3.29,0.308,1774656488.7035043
36466,2.01,-0.53,3.31,0.198,1774656488.714129
36477,2.29,-0.52,3.32,0.174,1774656488.7251277
36489,1.01,-0.55,3.33,0.46,1774656488.7361288
36500,1.9,-0.53,3.34,0.16,1774656488.747127
36511,1.94,-0.53,3.35,0.24,1774656488.758129
36522,2.25,-0.52,3.36,0.182,1774656488.769129
36533,1.69,-0.53,3.37,0.325,1774656488.7801275
36544,2.11,-0.52,3.38,0.191,1774656488.7911267
36555,2.2,-0.52,3.39,0.213,1774656488.802127
36566,1.26,-0.54,3.41,0.412,1774656488.8131275
36577,2.03,-0.53,3.42,0.17,1774656488.824127
36588,2.06,-0.52,3.43,0.24,1774656488.835127
36599,1.83,-0.53,3.44,0.289,1774656488.8461273
36610,2.13,-0.52,3.45,0.211,1774656488.8571265
36621,2.28,-0.52,3.46,0.209,1774656488.8681266
36632,1.52,-0.54,3.47,0.377,1774656488.8791265
36643,1.88,-0.53,3.48,0.235,1774656488.8901262
36654,2.42,-0.52,3.49,0.165,1774656488.9013925
36665,1.68,-0.53,3.5,0.363,1774656488.9123054
36676,1.74,-0.53,3.52,0.283,1774656488.9234602
36687,2.01,-0.52,3.53,0.238,1774656488.9344614
36698,2.33,-0.52,3.54,0.201,1774656488.9454615
36709,1.7,-0.53,3.55,0.358,1774656488.9564621
36720,2.42,-0.51,3.56,0.157,1774656488.9674613
36731,2.12,-0.52,3.57,0.286,1774656488.9784608
36742,1.23,-0.54,3.58,0.439,1774656488.9894605
36753,1.93,-0.52,3.59,0.214,1774656489.0004601
36764,2.15,-0.52,3.6,0.24,1774656489.011461
36775,2.21,-0.52,3.61,0.25,1774656489.0224605
36786,1.76,-0.53,3.63,0.347,1774656489.0334606
36797,2.4,-0.51,3.64,0.18,1774656489.0444608
36808,2.06,-0.52,3.65,0.31,1774656489.0554602
36819,2.57,-0.51,3.66,0.176,1774656489.0664592
36830,2.24,-0.52,3.67,0.293,1774656489.077459
36841,2.12,-0.52,3.68,0.288,1774656489.0879796
36852,1.54,-0.53,3.69,0.394,1774656489.0998702
36863,2.3,-0.51,3.7,0.188,1774656489.110416
36874,2.14,-0.52,3.71,0.294,1774656489.121415
36885,2.46,-0.51,3.72,0.218,1774656489.1324139
36896,2.63,-0.51,3.74,0.213,1774656489.1434162
36907,2.24,-0.52,3.75,0.311,1774656489.1544158
36918,2.58,-0.51,3.76,0.206,1774656489.165414
36929,2.29,-0.51,3.77,0.3,1774656489.176414
36940,2.26,-0.51,3.78,0.279,1774656489.187414
36951,1.59,-0.53,3.79,0.412,1774656489.1984158
36962,2.36,-0.51,3.8,0.197,1774656489.209415
36973,2.01,-0.52,3.81,0.34,1774656489.2204149
36984,1.71,-0.53,3.82,0.37,1774656489.2314153
36995,1.93,-0.52,3.83,0.299,1774656489.2424152
37006,2.46,-0.51,3.85,0.217,1774656489.2534149
37017,2.23,-0.51,3.86,0.313,1774656489.2644153
37028,1.97,-0.52,3.87,0.346,1774656489.2754145
37039,1.8,-0.52,3.88,0.359,1774656489.2864163
37050,2.37,-0.51,3.89,0.229,1774656489.2974145
37062,1.96,-0.52,3.9,0.367,1774656489.3084152
37073,1.9,-0.52,3.91,0.342,1774656489.3194168
37084,2.12,-0.51,3.92,0.294,1774656489.330415
37095,1.94,-0.52,3.93,0.354,1774656489.3414173
37106,2.6,-0.5,3.94,0.205,1774656489.352418
37117,2.04,-0.51,3.96,0.383,1774656489.3634179
37128,2.04,-0.51,3.97,0.331,1774656489.3754177
37139,1.76,-0.52,3.98,0.389,1774656489.386416
37150,2.54,-0.5,3.99,0.207,1774656489.3974173
37161,3.19,-0.49,4.0,0.155,1774656489.4084167
37172,2.22,-0.51,4.01,0.411,1774656489.419418
37183,2.26,-0.51,4.02,0.312,1774656489.4304173
37194,3.5,-0.48,4.03,0.071,1774656489.4414148
37205,2.72,-0.5,4.04,0.344,1774656489.451939
37216,2.15,-0.51,4.06,0.387,1774656489.4629405
37227,3.36,-0.48,4.07,0.092,1774656489.4739404
37238,3.52,-0.48,4.08,0.178,1774656489.4849405
37249,1.73,-0.52,4.09,0.509,1774656489.4969444
37260,3.34,-0.48,4.1,0.179,1774656489.5069394
37271,3.33,-0.48,4.11,0.218,1774656489.5179412
37282,3.7,-0.47,4.12,0.144,1774656489.5289419
37293,3.57,-0.48,4.13,0.208,1774656489.5399394
37304,3.17,-0.49,4.14,0.276,1774656489.5509384
37315,3.51,-0.48,4.15,0.171,1774656489.5619397
37326,3.66,-0.47,4.17,0.176,1774656489.57394
37337,3.27,-0.48,4.18,0.268,1774656489.583939
37348,3.89,-0.46,4.19,0.109,1774656489.595457
37359,3.5,-0.47,4.2,0.247,1774656489.6068218
37370,3.6,-0.47,4.21,0.192,1774656489.617161
37381,3.59,-0.47,4.22,0.204,1774656489.6281605
37392,3.44,-0.47,4.23,0.235,1774656489.6391602
37403,3.53,-0.47,4.24,0.204,1774656489.6501594
37414,3.6,-0.47,4.25,0.2,1774656489.6611588
37425,3.52,-0.47,4.26,0.225,1774656489.6721592
37436,3.52,-0.47,4.28,0.219,1774656489.6831594
37447,3.52,-0.47,4.29,0.22,1774656489.6946857
37458,3.52,-0.47,4.3,0.221,1774656489.7056842
37469,3.52,-0.47,4.31,0.223,1774656489.7166865
37480,3.52,-0.47,4.32,0.224,1774656489.7276835
37491,3.52,-0.47,4.33,0.226,1774656489.7386863
37502,3.52,-0.47,4.34,0.227,1774656489.7496994
37513,3.52,-0.47,4.35,0.229,1774656489.760698
37524,3.52,-0.47,4.36,0.23,1774656489.7716987
37535,3.52,-0.47,4.37,0.232,1774656489.7826996
37546,3.52,-0.47,4.39,0.233,1774656489.7940066
37557,3.52,-0.47,4.4,0.235,1774656489.8050063
37568,3.52,-0.47,4.41,0.236,1774656489.8160062
37579,3.52,-0.47,4.42,0.238,1774656489.8270075
37590,3.52,-0.47,4.43,0.239,1774656489.8380072
37601,3.52,-0.47,4.44,0.241,1774656489.849005
37612,3.59,-0.47,4.45,0.227,1774656489.8600054
37623,3.6,-0.47,4.46,0.233,1774656489.8710072
37635,3.6,-0.47,4.47,0.236,1774656489.8820066
37646,3.6,-0.47,4.48,0.237,1774656489.8926144
37657,3.6,-0.47,4.5,0.239,1774656489.9036014
37668,3.6,-0.47,4.51,0.24,1774656489.9146
37679,3.6,-0.47,4.52,0.242,1774656489.9256022
37690,3.6,-0.47,4.53,0.243,1774656489.9376018
37701,3.6,-0.47,4.54,0.245,1774656489.9476
37712,3.6,-0.47,4.55,0.246,1774656489.9585996
37723,3.6,-0.47,4.56,0.248,1774656489.970599
37734,3.69,-0.46,4.57,0.232,1774656489.9816005
37745,3.69,-0.46,4.58,0.242,1774656489.9926002
37756,3.69,-0.46,4.6,0.243,1774656490.0036008
37767,3.69,-0.46,4.61,0.245,1774656490.0145993
37778,3.69,-0.46,4.62,0.246,1774656490.0256007
37789,3.69,-0.46,4.63,0.248,1774656490.0366018
37800,3.69,-0.46,4.64,0.249,1774656490.0476007
37811,3.69,-0.46,4.65,0.251,1774656490.0585997
37822,3.75,-0.46,4.66,0.241,1774656490.0696013
37833,3.78,-0.46,4.67,0.241,1774656490.0805998
37844,3.78,-0.46,4.68,0.246,1774656490.091599
37855,3.78,-0.46,4.69,0.247,1774656490.1025996
37866,3.78,-0.46,4.71,0.249,1774656490.1136005
37877,3.78,-0.46,4.72,0.25,1774656490.1246011
37888,3.78,-0.46,4.73,0.252,1774656490.1356006
37899,3.78,-0.46,4.74,0.253,1774656490.1466005
37910,3.78,-0.46,4.75,0.255,1774656490.1576002
37921,3.81,-0.46,4.76,0.249,1774656490.1685994
37932,3.87,-0.46,4.77,0.244,1774656490.179712
37943,3.87,-0.46,4.78,0.25,1774656490.1907113
37954,3.87,-0.46,4.79,0.252,1774656490.201714
37965,3.87,-0.46,4.8,0.253,1774656490.212715
37976,3.87,-0.46,4.82,0.255,1774656490.223712
37987,3.87,-0.46,4.83,0.256,1774656490.2347116
37998,3.87,-0.46,4.84,0.258,1774656490.2458627
38009,3.87,-0.46,4.85,0.259,1774656490.2568614
38020,3.95,-0.46,4.86,0.243,1774656490.2678616
38031,3.96,-0.46,4.87,0.253,1774656490.278865
38042,3.96,-0.45,4.88,0.254,1774656490.2898612
38053,3.96,-0.45,4.89,0.256,1774656490.3002107
38064,3.96,-0.45,4.9,0.257,1774656490.3112104
38075,3.96,-0.45,4.91,0.259,1774656490.3222098
38086,3.96,-0.45,4.93,0.261,1774656490.3342092
38097,3.96,-0.45,4.94,0.262,1774656490.3442097
38108,4.01,-0.45,4.95,0.252,1774656490.3562114
38119,4.04,-0.45,4.96,0.253,1774656490.3672104
38130,4.04,-0.45,4.97,0.257,1774656490.3772097
38141,4.04,-0.45,4.98,0.259,1774656490.388211
38152,4.04,-0.45,4.99,0.26,1774656490.399211
38163,4.04,-0.45,5.0,0.262,1774656490.410209
38174,4.04,-0.45,5.01,0.263,1774656490.4222121
38186,4.04,-0.45,5.02,0.265,1774656490.433213
38197,4.04,-0.45,5.04,0.266,1774656490.4440117
38208,4.04,-0.45,5.05,0.268,1774656490.454993
38219,4.04,-0.45,5.06,0.269,1774656490.465995
38230,4.12,-0.45,5.07,0.255,1774656490.476993
38241,4.13,-0.45,5.08,0.263,1774656490.4879923
38252,4.13,-0.45,5.09,0.265,1774656490.4989927
38263,4.13,-0.45,5.1,0.266,1774656490.5099933
38274,4.13,-0.45,5.11,0.268,1774656490.5209928
38285,4.13,-0.45,5.12,0.269,1774656490.5319908
38296,4.13,-0.45,5.14,0.271,1774656490.5425482
38307,4.13,-0.45,5.15,0.272,1774656490.5535498
38318,4.13,-0.45,5.16,0.274,1774656490.564548
38329,2.82,-0.48,5.17,0.538,1774656490.575547
38340,4.48,-0.44,5.18,0.208,1774656490.5865488
38351,4.97,-0.43,5.19,0.146,1774656490.5980659
38362,3.4,-0.46,5.2,0.477,1774656490.609376
38373,4.59,-0.43,5.21,0.147,1774656490.6204934
38384,4.87,-0.43,5.22,0.179,1774656490.6314921
38395,3.08,-0.47,5.23,0.51,1774656490.6424918
38406,4.99,-0.42,5.25,0.18,1774656490.6534925
38417,4.84,-0.43,5.26,0.227,1774656490.6644936
38428,3.8,-0.45,5.27,0.425,1774656490.675492
38439,4.83,-0.43,5.28,0.12,1774656490.686493
38450,5.06,-0.42,5.29,0.174,1774656490.697865
38461,3.93,-0.45,5.3,0.422,1774656490.708678
38472,4.6,-0.43,5.31,0.184,1774656490.719749
38483,4.77,-0.42,5.32,0.213,1774656490.7307482
38494,3.85,-0.44,5.33,0.417,1774656490.7417498
38505,4.78,-0.42,5.34,0.144,1774656490.7527492
38516,4.83,-0.42,5.36,0.224,1774656490.7637498
38527,3.29,-0.46,5.37,0.538,1774656490.7747502
38538,4.86,-0.42,5.38,0.208,1774656490.785748
38549,4.7,-0.42,5.39,0.261,1774656490.796748
38560,4.33,-0.43,5.4,0.323,1774656490.8077502
38571,4.65,-0.42,5.41,0.224,1774656490.8187501
38582,5.03,-0.41,5.42,0.18,1774656490.8297498
38593,4.43,-0.43,5.43,0.338,1774656490.8407495
38604,4.88,-0.42,5.44,0.192,1774656490.8517492
38615,5.0,-0.42,5.45,0.213,1774656490.8625546
38626,4.32,-0.43,5.47,0.362,1774656490.8735406
38637,4.72,-0.42,5.48,0.218,1774656490.8845417
38648,4.95,-0.42,5.49,0.211,1774656490.8958433
38659,4.42,-0.43,5.5,0.341,1774656490.9069247
38670,4.77,-0.42,5.51,0.222,1774656490.9173849
38681,5.14,-0.41,5.52,0.183,1774656490.9283857
38692,4.36,-0.43,5.53,0.376,1774656490.939386
38703,4.64,-0.42,5.54,0.246,1774656490.9503841
38714,4.84,-0.42,5.55,0.234,1774656490.962386
38725,4.85,-0.42,5.56,0.254,1774656490.9723845
38736,5.11,-0.41,5.58,0.204,1774656490.983386
38747,5.02,-0.41,5.59,0.247,1774656490.9943855
38759,4.87,-0.42,5.6,0.271,1774656491.0063863
38770,5.18,-0.41,5.61,0.196,1774656491.016385
38781,4.87,-0.42,5.62,0.288,1774656491.0283842
38792,5.08,-0.41,5.63,0.218,1774656491.039386
38803,5.31,-0.41,5.64,0.195,1774656491.050384
38814,4.67,-0.42,5.65,0.344,1774656491.0613852
38825,4.78,-0.42,5.66,0.264,1774656491.0723884
38836,4.59,-0.42,5.68,0.313,1774656491.0833857
38847,5.43,-0.4,5.69,0.13,1774656491.094386
38858,4.7,-0.42,5.7,0.355,1774656491.10534
38869,4.87,-0.42,5.71,0.255,1774656491.1163402
38880,4.82,-0.42,5.72,0.282,1774656491.1273398
38891,5.27,-0.41,5.73,0.188,1774656491.1383417
38902,5.11,-0.41,5.74,0.264,1774656491.1493402
38913,4.86,-0.42,5.75,0.301,1774656491.1603405
38924,5.44,-0.4,5.76,0.163,1774656491.1713402
38935,4.71,-0.42,5.77,0.364,1774656491.1823401
38946,4.71,-0.42,5.79,0.299,1774656491.1933565
38957,5.11,-0.41,5.8,0.219,1774656491.2043567
38968,4.96,-0.41,5.81,0.288,1774656491.215358
38979,5.09,-0.41,5.82,0.25,1774656491.2263558
38990,5.5,-0.4,5.83,0.181,1774656491.2373545
39001,4.69,-0.42,5.84,0.382,1774656491.248355
39012,4.65,-0.42,5.85,0.316,1774656491.259356
39023,5.32,-0.4,5.86,0.181,1774656491.2703552
39034,4.78,-0.42,5.87,0.352,1774656491.281356
39045,4.69,-0.42,5.88,0.322,1774656491.2923546
39056,5.17,-0.41,5.9,0.217,1774656491.3033552
39067,5.05,-0.41,5.91,0.29,1774656491.3143551
39078,5.08,-0.41,5.92,0.274,1774656491.3253536
39089,4.24,-0.43,5.93,0.446,1774656491.3363545
39100,5.06,-0.41,5.94,0.204,1774656491.3473554
39111,4.52,-0.42,5.95,0.391,1774656491.3583536
39122,4.85,-0.42,5.96,0.275,1774656491.3693557
39133,5.1,-0.41,5.97,0.259,1774656491.3803568
39144,5.27,-0.41,5.98,0.249,1774656491.3913534
39155,5.27,-0.41,5.99,0.267,1774656491.4023542
39166,5.27,-0.41,6.01,0.268,1774656491.4133534
39177,5.27,-0.41,6.02,0.27,1774656491.4243543
39188,5.27,-0.41,6.03,0.271,1774656491.4353564
39199,5.27,-0.4,6.04,0.272,1774656491.4463544
39210,5.27,-0.4,6.05,0.274,1774656491.4573555
39221,5.27,-0.4,6.06,0.275,1774656491.4683557
39232,5.27,-0.4,6.07,0.277,1774656491.479355
39243,5.34,-0.4,6.08,0.264,1774656491.4903562
39254,5.36,-0.4,6.09,0.269,1774656491.5013545
39265,5.36,-0.4,6.1,0.272,1774656491.5123575
39276,5.36,-0.4,6.12,0.273,1774656491.523356
39287,5.36,-0.4,6.13,0.275,1774656491.534355
39298,5.36,-0.4,6.14,0.276,1774656491.545355
39310,5.36,-0.4,6.15,0.278,1774656491.556354
39321,5.36,-0.4,6.16,0.279,1774656491.5683556
39332,5.36,-0.4,6.17,0.281,1774656491.5793555
39343,5.36,-0.4,6.18,0.282,1774656491.5903544
39354,5.36,-0.4,6.19,0.283,1774656491.601354
39365,5.36,-0.4,6.2,0.285,1774656491.6119964
39376,5.36,-0.4,6.22,0.286,1774656491.6229935
39387,5.36,-0.4,6.23,0.288,1774656491.633994
39398,5.36,-0.4,6.24,0.289,1774656491.6445374
39409,5.44,-0.4,6.25,0.275,1774656491.6565137
39420,5.45,-0.4,6.26,0.282,1774656491.6675153
39431,5.45,-0.4,6.27,0.285,1774656491.678514
39442,5.45,-0.4,6.28,0.286,1774656491.6895158
39453,5.45,-0.4,6.29,0.287,1774656491.7005146
39464,5.45,-0.4,6.3,0.289,1774656491.7115128
39475,5.45,-0.4,6.31,0.29,1774656491.7225142
39486,5.45,-0.4,6.33,0.292,1774656491.733515
39497,5.45,-0.4,6.34,0.293,1774656491.7445157
39508,5.45,-0.4,6.35,0.295,1774656491.7555125
39519,5.45,-0.4,6.36,0.296,1774656491.7665133
39530,5.45,-0.4,6.37,0.298,1774656491.7775147
39541,5.45,-0.4,6.38,0.299,1774656491.7885144
39552,5.45,-0.4,6.39,0.301,1774656491.7995148
39563,5.45,-0.4,6.4,0.302,1774656491.810515
39574,5.53,-0.4,6.41,0.288,1774656491.8215134
39585,5.54,-0.4,6.42,0.295,1774656491.8325138
39596,5.54,-0.39,6.44,0.298,1774656491.843515
39607,5.54,-0.39,6.45,0.299,1774656491.8545146
39618,5.54,-0.39,6.46,0.301,1774656491.8655136
39629,5.54,-0.39,6.47,0.302,1774656491.876514
39640,5.54,-0.39,6.48,0.304,1774656491.887514
39651,5.54,-0.39,6.49,0.305,1774656491.8985143
39662,5.54,-0.39,6.5,0.307,1774656491.9095144
39673,5.54,-0.39,6.51,0.308,1774656491.9205136
39684,5.54,-0.39,6.52,0.31,1774656491.931513
39695,5.54,-0.39,6.53,0.311,1774656491.9425144
39706,5.54,-0.39,6.55,0.313,1774656491.9535143
39717,4.39,-0.42,6.56,0.544,1774656491.9645138
39728,4.9,-0.41,6.57,0.334,1774656491.9755147
39739,4.9,-0.41,6.58,0.385,1774656491.9865162
39750,5.11,-0.4,6.59,0.345,1774656491.997515
39761,5.53,-0.39,6.6,0.282,1774656492.0085158
39772,4.96,-0.41,6.61,0.437,1774656492.0195148
39783,4.71,-0.41,6.62,0.436,1774656492.0305142
39794,5.09,-0.4,6.63,0.338,1774656492.0415134
39805,5.06,-0.4,6.64,0.382,1774656492.0525138
39816,5.35,-0.4,6.66,0.323,1774656492.0635138
39827,5.0,-0.41,6.67,0.421,1774656492.0745134
39838,4.7,-0.41,6.68,0.45,1774656492.0855129
39849,4.91,-0.41,6.69,0.381,1774656492.0965137
39860,4.53,-0.42,6.7,0.48,1774656492.1075149
39871,4.86,-0.41,6.71,0.379,1774656492.1185148
39882,4.89,-0.41,6.72,0.406,1774656492.1295147
39893,4.26,-0.42,6.73,0.538,1774656492.140514
39905,4.72,-0.41,6.74,0.387,1774656492.1515145
39916,4.92,-0.41,6.75,0.393,1774656492.1625147
39927,4.31,-0.42,6.77,0.536,1774656492.1735137
39938,4.65,-0.41,6.78,0.413,1774656492.185515
39949,4.94,-0.41,6.79,0.388,1774656492.1965168
39960,4.52,-0.42,6.8,0.502,1774656492.2070346
39971,4.89,-0.41,6.81,0.389,1774656492.2180347
39982,5.04,-0.4,6.82,0.397,1774656492.2290382
39993,4.4,-0.42,6.83,0.54,1774656492.240035
40004,4.74,-0.41,6.84,0.414,1774656492.251035
40014,4.74,-0.41,6.85,0.414,1774656492.261034
40024,5.0,-0.4,6.86,0.398,1774656492.2720368
40034,4.67,-0.41,6.87,0.488,1774656492.2810345
40044,4.89,-0.4,6.88,0.416,1774656492.292036
40054,5.16,-0.4,6.89,0.385,1774656492.3015523
40064,4.76,-0.41,6.9,0.492,1774656492.3115542
40074,4.88,-0.4,6.91,0.433,1774656492.3215542
40084,5.09,-0.4,6.92,0.403,1774656492.3315525
40094,4.94,-0.4,6.93,0.455,1774656492.3415515
40104,5.18,-0.4,6.94,0.394,1774656492.351551
40114,5.1,-0.4,6.95,0.435,1774656492.3615534
40125,4.93,-0.4,6.96,0.465,1774656492.372554
40136,5.27,-0.39,6.98,0.382,1774656492.3840785
40147,4.9,-0.4,6.99,0.49,1774656492.395074
40158,5.3,-0.39,7.0,0.377,1774656492.4060736
40169,4.96,-0.4,7.01,0.484,1774656492.417073
40180,5.03,-0.4,7.02,0.44,1774656492.4280736
40191,4.33,-0.42,7.03,0.588,1774656492.439073
40202,4.84,-0.4,7.04,0.422,1774656492.4500718
40213,4.87,-0.4,7.05,0.467,1774656492.461073
40224,5.19,-0.4,7.06,0.408,1774656492.4720716
40236,5.45,-0.39,7.07,0.388,1774656492.4830716
40247,5.03,-0.4,7.09,0.497,1774656492.4940734
40258,4.73,-0.41,7.1,0.522,1774656492.5050724
40269,4.74,-0.41,7.11,0.491,1774656492.5160728
40280,4.68,-0.41,7.12,0.508,1774656492.5270734
40291,4.57,-0.41,7.13,0.525,1774656492.5380726
40302,4.66,-0.41,7.14,0.5,1774656492.5487378
40313,4.66,-0.41,7.15,0.51,1774656492.5597372
40324,4.66,-0.41,7.16,0.512,1774656492.5707388
40335,4.66,-0.41,7.17,0.514,1774656492.5817366
40346,4.66,-0.41,7.19,0.516,1774656492.5927389
40357,4.66,-0.41,7.2,0.518,1774656492.6042533
40368,4.66,-0.41,7.21,0.52,1774656492.6152542
40379,4.66,-0.41,7.22,0.523,1774656492.626255
40390,4.66,-0.41,7.23,0.525,1774656492.637255
40401,4.66,-0.41,7.24,0.527,1774656492.648253
40412,4.66,-0.41,7.25,0.529,1774656492.6592534
40423,4.66,-0.41,7.26,0.531,1774656492.6702538
40434,4.66,-0.41,7.27,0.533,1774656492.6812537
40445,4.73,-0.4,7.28,0.522,1774656492.6922536
40456,4.75,-0.4,7.3,0.527,1774656492.703256
40467,4.75,-0.4,7.31,0.53,1774656492.714254
40478,4.75,-0.4,7.32,0.533,1774656492.7252567
40489,4.75,-0.4,7.33,0.535,1774656492.7362545
40500,4.75,-0.4,7.34,0.537,1774656492.7472544
40511,4.75,-0.4,7.35,0.539,1774656492.7582545
40522,4.75,-0.4,7.36,0.541,1774656492.7692554
40533,4.75,-0.4,7.37,0.543,1774656492.7802532
40544,4.75,-0.4,7.38,0.545,1774656492.7912536
40555,4.82,-0.4,7.39,0.534,1774656492.8032546
40566,4.83,-0.4,7.41,0.539,1774656492.8132539
40577,4.83,-0.4,7.42,0.543,1774656492.8242536
40588,4.83,-0.4,7.43,0.545,1774656492.8352554
40599,4.83,-0.4,7.44,0.547,1774656492.8462539
40610,4.83,-0.4,7.45,0.549,1774656492.8572526
40621,4.83,-0.4,7.46,0.551,1774656492.868254
40632,4.83,-0.4,7.47,0.553,1774656492.8792524
40643,4.91,-0.4,7.48,0.54,1774656492.8902538
40654,4.92,-0.4,7.49,0.547,1774656492.9012518
40665,4.92,-0.4,7.5,0.551,1774656492.912255
40676,4.92,-0.4,7.52,0.553,1774656492.9232528
40687,4.92,-0.4,7.53,0.555,1774656492.9350579
40698,4.92,-0.4,7.54,0.557,1774656492.9453006
40709,4.92,-0.4,7.55,0.559,1774656492.9563007
40720,4.96,-0.4,7.56,0.554,1774656492.9673011
40731,5.01,-0.39,7.57,0.549,1774656492.9782994
40742,5.01,-0.39,7.58,0.556,1774656492.9902139
40753,5.01,-0.39,7.59,0.558,1774656493.0002995
40764,5.01,-0.39,7.6,0.561,1774656493.0122998
40775,5.01,-0.39,7.61,0.563,1774656493.0222998
40786,5.1,-0.39,7.63,0.547,1774656493.0332987
40797,5.1,-0.39,7.64,0.558,1774656493.0442994
40809,5.1,-0.39,7.65,0.56,1774656493.0558133
40820,5.1,-0.39,7.66,0.562,1774656493.066815
40831,5.1,-0.39,7.67,0.564,1774656493.0778117
40842,5.1,-0.39,7.68,0.566,1774656493.0888133
40853,5.1,-0.39,7.69,0.568,1774656493.1003292
40864,5.1,-0.39,7.7,0.571,1774656493.1113274
40875,5.1,-0.39,7.71,0.573,1774656493.1223276
40886,5.19,-0.39,7.73,0.557,1774656493.1333294
40897,5.19,-0.39,7.74,0.568,1774656493.144328
40908,5.19,-0.39,7.75,0.57,1774656493.1553283
40919,5.19,-0.39,7.76,0.572,1774656493.1663265
40930,5.19,-0.39,7.77,0.574,1774656493.1773283
40941,5.19,-0.39,7.78,0.576,1774656493.1883285
40952,5.27,-0.39,7.79,0.562,1774656493.199328
40963,5.27,-0.39,7.8,0.571,1774656493.2103279
40974,5.27,-0.39,7.81,0.573,1774656493.2213287
40985,5.27,-0.39,7.82,0.576,1774656493.2323277
40996,5.27,-0.39,7.84,0.578,1774656493.242847
41007,5.27,-0.39,7.85,0.58,1774656493.2538548
41018,5.27,-0.39,7.86,0.582,1774656493.2648447
41029,5.33,-0.38,7.87,0.573,1774656493.2758465
41040,5.36,-0.38,7.88,0.574,1774656493.286846
41051,5.36,-0.38,7.89,0.579,1774656493.2978454
41062,5.36,-0.38,7.9,0.581,1774656493.3098454
41073,5.44,-0.38,7.91,0.567,1774656493.3198466
41084,5.45,-0.38,7.92,0.575,1774656493.3308449
41095,5.45,-0.38,7.93,0.578,1774656493.3418436
41106,5.45,-0.38,7.95,0.58,1774656493.3528442
41117,5.45,-0.38,7.96,0.582,1774656493.363845
41128,5.45,-0.38,7.97,0.585,1774656493.375847
41139,5.45,-0.38,7.98,0.587,1774656493.3858454
41150,5.53,-0.38,7.99,0.573,1774656493.3968449
41161,5.54,-0.38,8.0,0.581,1774656493.4078434
41172,5.54,-0.38,8.01,0.584,1774656493.4198453
41183,5.54,-0.38,8.02,0.586,1774656493.4308455
41194,5.54,-0.38,8.03,0.588,1774656493.441845
41205,5.61,-0.38,8.04,0.576,1774656493.4523609
41216,5.62,-0.38,8.06,0.581,1774656493.4633617
41227,5.62,-0.38,8.07,0.585,1774656493.4743598
41238,5.62,-0.38,8.08,0.587,1774656493.485359
41249,5.62,-0.38,8.09,0.589,1774656493.4963596
41260,5.62,-0.38,8.1,0.591,1774656493.5073612
41271,5.7,-0.37,8.11,0.578,1774656493.51836
41282,5.71,-0.37,8.12,0.585,1774656493.5293598
41293,5.71,-0.37,8.13,0.588,1774656493.5403595
41304,5.71,-0.37,8.14,0.59,1774656493.55136
41315,5.71,-0.37,8.15,0.592,1774656493.5623598
41326,5.71,-0.37,8.17,0.594,1774656493.5733604
41337,5.79,-0.37,8.18,0.581,1774656493.5843613
41348,5.8,-0.37,8.19,0.588,1774656493.59536
41359,5.8,-0.37,8.2,0.591,1774656493.6063633
41370,5.8,-0.37,8.21,0.593,1774656493.618361
41381,5.8,-0.37,8.22,0.596,1774656493.6283593
41392,5.87,-0.37,8.23,0.584,1774656493.6403615
41404,5.89,-0.37,8.24,0.589,1774656493.65136
41415,5.89,-0.37,8.25,0.592,1774656493.662361
41426,5.89,-0.37,8.27,0.595,1774656493.6733625
41437,5.89,-0.37,8.28,0.597,1774656493.6843624
41448,5.89,-0.37,8.29,0.599,1774656493.6953628
41459,5.94,-0.37,8.3,0.589,1774656493.706362
41470,5.98,-0.37,8.31,0.591,1774656493.7173615
41481,5.98,-0.36,8.32,0.596,1774656493.7283602
41492,5.98,-0.36,8.33,0.598,1774656493.73936
41503,5.98,-0.36,8.34,0.6,1774656493.7503607
41514,5.98,-0.36,8.35,0.602,1774656493.7613606
41525,6.05,-0.36,8.36,0.59,1774656493.7723613
41536,6.06,-0.36,8.38,0.595,1774656493.7833605
41547,6.06,-0.36,8.39,0.599,1774656493.7943616
41558,6.06,-0.36,8.4,0.601,1774656493.8053613
41569,6.06,-0.36,8.41,0.603,1774656493.8163614
41580,6.15,-0.36,8.42,0.587,1774656493.8273613
41591,6.15,-0.36,8.43,0.597,1774656493.8383615
41602,6.15,-0.36,8.44,0.599,1774656493.849362
41613,6.15,-0.36,8.45,0.602,1774656493.8603618
41624,6.15,-0.36,8.46,0.604,1774656493.8713605
41635,6.15,-0.36,8.47,0.606,1774656493.8823612
41646,6.22,-0.36,8.49,0.594,1774656493.893361
41657,6.24,-0.36,8.5,0.599,1774656493.9043603
41668,6.24,-0.36,8.51,0.602,1774656493.9153626
41679,6.24,-0.36,8.52,0.604,1774656493.9263608
41690,6.24,-0.36,8.53,0.606,1774656493.937362
41701,6.24,-0.36,8.54,0.608,1774656493.9483614
41712,6.31,-0.36,8.55,0.597,1774656493.9593606
41723,6.33,-0.35,8.56,0.601,1774656493.970362
41734,6.33,-0.35,8.57,0.605,1774656493.98136
41745,6.33,-0.35,8.58,0.607,1774656493.992363
41756,6.33,-0.35,8.6,0.609,1774656494.0033607
41767,6.33,-0.35,8.61,0.611,1774656494.0143619
41778,6.41,-0.35,8.62,0.596,1774656494.0253613
41789,6.42,-0.35,8.63,0.606,1774656494.0363617
41800,6.42,-0.35,8.64,0.608,1774656494.0473619
41811,6.42,-0.35,8.65,0.61,1774656494.058361
41822,6.42,-0.35,8.66,0.612,1774656494.069363
41833,6.42,-0.35,8.67,0.614,1774656494.0803618
41844,6.45,-0.35,8.68,0.609,1774656494.0913613
41855,6.5,-0.35,8.69,0.604,1774656494.1023612
41866,6.5,-0.35,8.71,0.611,1774656494.1133602
41877,6.5,-0.35,8.72,0.613,1774656494.1243594
41888,6.5,-0.35,8.73,0.615,1774656494.1353607
41899,6.59,-0.35,8.74,0.6,1774656494.1463602
41910,6.59,-0.35,8.75,0.609,1774656494.1573594
41921,6.59,-0.35,8.76,0.612,1774656494.1683598
41932,6.59,-0.35,8.77,0.614,1774656494.17936
41943,6.59,-0.35,8.78,0.615,1774656494.1903605
41954,6.59,-0.35,8.79,0.617,1774656494.20136
41965,6.67,-0.34,8.8,0.604,1774656494.2123594
41977,6.68,-0.34,8.82,0.611,1774656494.2233598
41988,6.68,-0.34,8.83,0.614,1774656494.2343597
41999,6.68,-0.34,8.84,0.616,1774656494.24536
42010,6.68,-0.34,8.85,0.618,1774656494.256361
42021,6.68,-0.34,8.86,0.62,1774656494.26736
42032,6.68,-0.34,8.87,0.622,1774656494.279362
42043,6.77,-0.34,8.88,0.607,1774656494.2903602
42054,6.86,-0.34,8.89,0.599,1774656494.3013604
42065,6.86,-0.34,8.9,0.609,1774656494.312362
42076,6.86,-0.34,8.92,0.611,1774656494.3233624
42087,6.86,-0.34,8.93,0.613,1774656494.3343625
42098,6.86,-0.34,8.94,0.615,1774656494.3453612
42109,6.86,-0.34,8.95,0.617,1774656494.3563595
42120,6.86,-0.34,8.96,0.619,1774656494.3673613
42131,6.86,-0.34,8.97,0.621,1774656494.3783598
42142,6.86,-0.34,8.98,0.623,1774656494.389362
42153,6.94,-0.34,8.99,0.607,1774656494.4003594
42164,6.94,-0.34,9.0,0.618,1774656494.4113595
42175,6.94,-0.34,9.01,0.62,1774656494.4223611
42186,6.94,-0.34,9.03,0.622,1774656494.4333596
42197,6.94,-0.34,9.04,0.624,1774656494.4443624
42208,5.66,-0.37,9.05,0.881,1774656494.4553607
42219,6.68,-0.34,9.06,0.56,1774656494.466361
42230,9.52,-0.28,9.07,0.23,1774656494.4773612
42241,12.76,-0.2,9.08,-0.102,1774656494.488361
42252,14.96,-0.15,9.09,-0.42,1774656494.4993613
42263,13.47,-0.19,9.1,-0.092,1774656494.5103624
42274,11.57,-0.23,9.11,0.237,1774656494.521362
42285,13.14,-0.19,9.12,-0.095,1774656494.5323625
42296,14.34,-0.17,9.14,-0.264,1774656494.5433621
42307,13.52,-0.19,9.15,0.013,1774656494.5542011
42318,13.3,-0.19,9.16,-0.021,1774656494.5651956
42329,13.4,-0.19,9.17,-0.062,1774656494.5761955
42340,13.01,-0.2,9.18,0.025,1774656494.5871968
42351,13.12,-0.19,9.19,-0.035,1774656494.598197
42362,13.32,-0.19,9.2,-0.065,1774656494.6098404
42373,12.68,-0.21,9.21,0.083,1774656494.6208413
42384,13.45,-0.19,9.22,-0.134,1774656494.631842
42395,13.17,-0.19,9.23,-0.004,1774656494.6428413
42406,13.44,-0.19,9.25,-0.086,1774656494.6538427
42417,12.98,-0.2,9.26,0.032,1774656494.6648402
42428,13.1,-0.19,9.27,-0.037,1774656494.675841
42439,13.37,-0.19,9.28,-0.079,1774656494.686841
42450,13.52,-0.18,9.29,-0.084,1774656494.6978421
42461,13.97,-0.17,9.3,-0.161,1774656494.7088423
42472,13.54,-0.18,9.31,-0.031,1774656494.7198975
42483,13.6,-0.18,9.32,-0.086,1774656494.73048
42494,12.83,-0.2,9.33,0.074,1774656494.7414825
42505,13.28,-0.19,9.34,-0.089,1774656494.7524805
42516,13.37,-0.19,9.36,-0.066,1774656494.7634797
42527,13.63,-0.18,9.37,-0.108,1774656494.7744782
42539,13.79,-0.18,9.38,-0.117,1774656494.7859998
42550,13.71,-0.18,9.39,-0.087,1774656494.7970006
42561,13.71,-0.18,9.4,-0.094,1774656494.8079994
42572,13.71,-0.18,9.41,-0.095,1774656494.8189995
42583,13.71,-0.18,9.42,-0.096,1774656494.8299978
42594,13.71,-0.18,9.43,-0.096,1774656494.8409991
42605,13.71,-0.18,9.44,-0.097,1774656494.8520012
42616,13.71,-0.18,9.46,-0.097,1774656494.8629992
42627,13.71,-0.18,9.47,-0.097,1774656494.8739998
42638,13.71,-0.18,9.48,-0.098,1774656494.8849995
42649,13.71,-0.18,9.49,-0.098,1774656494.8965185
42660,13.71,-0.18,9.5,-0.099,1774656494.9075196
42671,13.71,-0.18,9.51,-0.099,1774656494.918518
42682,13.71,-0.18,9.52,-0.1,1774656494.9292223
42693,13.71,-0.18,9.53,-0.1,1774656494.9399507
42704,13.71,-0.18,9.54,-0.101,1774656494.9509509
42715,13.71,-0.18,9.55,-0.101,1774656494.961951
42726,13.71,-0.18,9.57,-0.102,1774656494.9729505
42737,13.71,-0.18,9.58,-0.102,1774656494.983951
42748,13.71,-0.18,9.59,-0.103,1774656494.9949517
42759,13.71,-0.18,9.6,-0.103,1774656495.0059507
42770,13.71,-0.18,9.61,-0.104,1774656495.0169523
42781,13.71,-0.18,9.62,-0.104,1774656495.0279515
42792,13.71,-0.18,9.63,-0.104,1774656495.0389497
42803,13.71,-0.18,9.64,-0.105,1774656495.0499494
42814,13.71,-0.18,9.65,-0.105,1774656495.0609493
42825,13.71,-0.18,9.66,-0.106,1774656495.0719514
42836,13.71,-0.18,9.68,-0.106,1774656495.0829494
42847,13.71,-0.18,9.69,-0.106,1774656495.093949
42858,13.71,-0.18,9.7,-0.107,1774656495.104952
42869,13.71,-0.18,9.71,-0.107,1774656495.1159494
42880,13.71,-0.18,9.72,-0.108,1774656495.1269498
42891,13.71,-0.18,9.73,-0.108,1774656495.1379485
42902,13.71,-0.18,9.74,-0.108,1774656495.1489496
42913,13.71,-0.18,9.75,-0.109,1774656495.1599483
42924,13.71,-0.18,9.76,-0.109,1774656495.17095
42935,13.71,-0.18,9.77,-0.11,1774656495.1819484
42946,13.71,-0.18,9.79,-0.11,1774656495.192949
42957,13.71,-0.18,9.8,-0.11,1774656495.2039495
42968,13.71,-0.18,9.81,-0.111,1774656495.2149503
42979,13.71,-0.18,9.82,-0.111,1774656495.2259488
42990,13.71,-0.18,9.83,-0.111,1774656495.2379513
43001,13.71,-0.18,9.84,-0.112,1774656495.24895
43012,13.71,-0.18,9.85,-0.112,1774656495.259951
43023,13.71,-0.18,9.86,-0.112,1774656495.2709506
43034,13.71,-0.18,9.87,-0.113,1774656495.2819507
43045,13.71,-0.18,9.88,-0.113,1774656495.2929509
43056,13.71,-0.18,9.9,-0.113,1774656495.303951
43067,13.71,-0.18,9.91,-0.114,1774656495.3149514
43078,13.71,-0.18,9.92,-0.114,1774656495.3259509
43089,13.71,-0.18,9.93,-0.114,1774656495.3369522
43100,13.71,-0.18,9.94,-0.115,1774656495.3479514
43112,13.71,-0.18,9.95,-0.115,1774656495.35895
43123,13.71,-0.18,9.96,-0.115,1774656495.369952
43134,13.71,-0.18,9.97,-0.116,1774656495.3809493
43145,13.71,-0.18,9.98,-0.116,1774656495.39195
43156,13.71,-0.18,10.0,-0.116,1774656495.4034688
43167,13.71,-0.18,10.01,-0.116,1774656495.4134688
43178,13.71,-0.18,10.02,-0.117,1774656495.425466
43189,13.71,-0.18,10.03,-0.117,1774656495.4364693
43200,13.71,-0.18,10.04,-0.117,1774656495.4474683
43211,13.71,-0.18,10.05,-0.118,1774656495.4584682
43222,13.71,-0.18,10.06,-0.118,1774656495.4694686
43233,13.71,-0.18,10.07,-0.118,1774656495.480469
43244,13.71,-0.18,10.08,-0.118,1774656495.4914699
43255,13.71,-0.18,10.09,-0.119,1774656495.502468
43266,13.71,-0.18,10.11,-0.119,1774656495.5134685
43277,13.71,-0.18,10.12,-0.119,1774656495.5244672
43288,13.71,-0.18,10.13,-0.119,1774656495.535467
43299,13.71,-0.18,10.14,-0.12,1774656495.5464673
43310,13.71,-0.18,10.15,-0.12,1774656495.5574687
43321,13.71,-0.18,10.16,-0.12,1774656495.5684688
43332,13.71,-0.18,10.17,-0.12,1774656495.5794687
43343,13.71,-0.18,10.18,-0.12,1774656495.590468
43354,13.71,-0.18,10.19,-0.121,1774656495.6014683
43365,13.71,-0.18,10.2,-0.121,1774656495.6124666
43376,13.71,-0.18,10.22,-0.121,1774656495.6235473
43387,13.71,-0.18,10.23,-0.121,1774656495.6345458
43398,13.71,-0.18,10.24,-0.121,1774656495.6455472
43409,13.71,-0.18,10.25,-0.122,1774656495.6565459
43420,13.71,-0.18,10.26,-0.122,1774656495.6675463
43431,13.71,-0.18,10.27,-0.122,1774656495.6785464
43442,13.71,-0.18,10.28,-0.122,1774656495.6895463
43453,13.71,-0.18,10.29,-0.122,1774656495.7005458
43464,13.71,-0.18,10.3,-0.123,1774656495.7115457
43475,13.71,-0.18,10.31,-0.123,1774656495.722546
43486,13.71,-0.18,10.33,-0.123,1774656495.7335467
43497,13.71,-0.18,10.34,-0.123,1774656495.7440763
43508,13.71,-0.18,10.35,-0.123,1774656495.7550757
43519,13.71,-0.18,10.36,-0.123,1774656495.7670734
43530,13.71,-0.18,10.37,-0.123,1774656495.7780762
43541,13.71,-0.18,10.38,-0.124,1774656495.7890742
43552,13.71,-0.18,10.39,-0.124,1774656495.79909
43563,13.71,-0.18,10.4,-0.124,1774656495.8106165
43574,13.68,-0.18,10.41,-0.117,1774656495.821618
43585,13.62,-0.18,10.42,-0.11,1774656495.8326156
43596,13.62,-0.18,10.44,-0.115,1774656495.8436148
43607,13.62,-0.18,10.45,-0.115,1774656495.8546166
43618,13.62,-0.18,10.46,-0.115,1774656495.8658173
43629,13.62,-0.18,10.47,-0.115,1774656495.876817
43640,13.62,-0.18,10.48,-0.115,1774656495.8878164
43651,13.62,-0.18,10.49,-0.115,1774656495.8988173
43662,13.62,-0.18,10.5,-0.115,1774656495.909921
43673,13.62,-0.18,10.51,-0.115,1774656495.92092
43684,13.62,-0.18,10.52,-0.115,1774656495.9319203
43696,13.62,-0.18,10.53,-0.116,1774656495.9429197
43707,13.62,-0.18,10.55,-0.116,1774656495.9539204
43718,13.62,-0.18,10.56,-0.116,1774656495.9649205
43729,13.62,-0.18,10.57,-0.116,1774656495.9759204
43740,13.62,-0.18,10.58,-0.116,1774656495.9869215
43751,13.62,-0.18,10.59,-0.116,1774656495.9973905
43762,13.62,-0.18,10.6,-0.116,1774656496.008393
43773,13.62,-0.18,10.61,-0.116,1774656496.0203934
43784,13.62,-0.18,10.62,-0.116,1774656496.031392
43795,13.62,-0.18,10.63,-0.116,1774656496.0423923
43806,13.62,-0.18,10.65,-0.116,1774656496.0533924
43817,13.62,-0.18,10.66,-0.116,1774656496.0643933
43828,13.62,-0.18,10.67,-0.116,1774656496.0753915
43839,13.62,-0.18,10.68,-0.116,1774656496.0863934
43850,13.62,-0.18,10.69,-0.116,1774656496.0973911
43861,13.62,-0.18,10.7,-0.116,1774656496.108392
43872,13.62,-0.18,10.71,-0.116,1774656496.1193938
43883,13.62,-0.18,10.72,-0.116,1774656496.1303947
43894,13.62,-0.18,10.73,-0.116,1774656496.1413927
43905,13.62,-0.18,10.74,-0.116,1774656496.1523921
43916,13.62,-0.18,10.76,-0.116,1774656496.1633928
43927,13.62,-0.18,10.77,-0.116,1774656496.1743934
43938,13.62,-0.18,10.78,-0.116,1774656496.1853933
43949,13.62,-0.18,10.79,-0.115,1774656496.1963928
43960,13.62,-0.18,10.8,-0.115,1774656496.2073932
43970,13.62,-0.18,10.81,-0.115,1774656496.2173922
43980,13.62,-0.18,10.82,-0.115,1774656496.2273924
43990,13.62,-0.18,10.83,-0.115,1774656496.2373927
44000,13.62,-0.18,10.84,-0.115,1774656496.2468562
44010,13.62,-0.18,10.85,-0.115,1774656496.2568562
44020,13.62,-0.18,10.86,-0.115,1774656496.266856
44030,13.62,-0.18,10.87,-0.115,1774656496.2768567
44040,13.62,-0.18,10.88,-0.115,1774656496.287857
44050,13.62,-0.18,10.89,-0.115,1774656496.2973845
44060,13.62,-0.18,10.9,-0.115,1774656496.3073838
44070,13.62,-0.18,10.91,-0.115,1774656496.3173847
44081,13.62,-0.18,10.92,-0.115,1774656496.3283856
44092,13.62,-0.18,10.93,-0.114,1774656496.3393834
44103,13.62,-0.18,10.94,-0.114,1774656496.3503819
44114,13.62,-0.18,10.95,-0.114,1774656496.3613846
44125,13.62,-0.18,10.96,-0.114,1774656496.3723838
44136,13.62,-0.18,10.98,-0.114,1774656496.3833833
44147,13.62,-0.18,10.99,-0.114,1774656496.3943841
44158,13.62,-0.18,11.0,-0.114,1774656496.4053853
44169,13.62,-0.18,11.01,-0.114,1774656496.4163852
44180,13.62,-0.18,11.02,-0.113,1774656496.4273844
44191,13.62,-0.18,11.03,-0.113,1774656496.4383836
44202,13.62,-0.18,11.04,-0.113,1774656496.4493854
44213,13.62,-0.18,11.05,-0.113,1774656496.460383
44224,13.62,-0.18,11.06,-0.113,1774656496.4713829
44235,13.62,-0.18,11.07,-0.113,1774656496.4823818
44246,13.62,-0.18,11.09,-0.113,1774656496.4933853
44257,13.62,-0.18,11.1,-0.112,1774656496.504384
44268,13.62,-0.18,11.11,-0.112,1774656496.5153859
44280,13.62,-0.18,11.12,-0.112,1774656496.5263867
44291,13.62,-0.18,11.13,-0.112,1774656496.5383842
44302,13.62,-0.18,11.14,-0.112,1774656496.549044
44313,13.62,-0.18,11.15,-0.111,1774656496.5600429
44324,13.62,-0.18,11.16,-0.111,1774656496.5710418
44335,13.62,-0.18,11.17,-0.111,1774656496.582043
44346,13.62,-0.18,11.19,-0.111,1774656496.5930436
44357,13.62,-0.18,11.2,-0.111,1774656496.604043
44368,13.62,-0.18,11.21,-0.11,1774656496.615043
44379,13.62,-0.18,11.22,-0.11,1774656496.6260433
44390,13.62,-0.17,11.23,-0.11,1774656496.6370416
44401,13.62,-0.17,11.24,-0.11,1774656496.648043
44412,13.62,-0.17,11.25,-0.11,1774656496.6590421
44423,13.62,-0.17,11.26,-0.109,1774656496.670044
44434,13.62,-0.17,11.27,-0.109,1774656496.681042
44445,13.62,-0.17,11.28,-0.109,1774656496.6920424
44456,13.62,-0.17,11.3,-0.109,1774656496.7030423
44467,13.62,-0.17,11.31,-0.108,1774656496.714043
44478,13.62,-0.17,11.32,-0.108,1774656496.725043
44489,13.62,-0.17,11.33,-0.108,1774656496.736044
44500,13.62,-0.17,11.34,-0.108,1774656496.7470434
44511,13.62,-0.17,11.35,-0.107,1774656496.7580426
44522,13.62,-0.17,11.36,-0.107,1774656496.7690432
44533,13.62,-0.17,11.37,-0.107,1774656496.7800431
44544,13.62,-0.17,11.38,-0.106,1774656496.7915592
44554,13.62,-0.17,11.39,-0.106,1774656496.8015573
44564,13.62,-0.17,11.4,-0.106,1774656496.811556
44574,13.62,-0.17,11.41,-0.106,1774656496.8215592
44584,13.62,-0.17,11.42,-0.106,1774656496.8315566
44594,13.62,-0.17,11.43,-0.105,1774656496.841558
44604,13.62,-0.17,11.44,-0.105,1774656496.851559
44614,13.62,-0.17,11.45,-0.105,1774656496.8615575
44624,13.62,-0.17,11.46,-0.104,1774656496.8715584
44634,13.62,-0.17,11.47,-0.104,1774656496.881557
44644,13.62,-0.17,11.48,-0.104,1774656496.891558
44654,13.62,-0.17,11.49,-0.103,1774656496.9015594
44665,13.62,-0.17,11.5,-0.103,1774656496.912558
44676,13.62,-0.17,11.52,-0.103,1774656496.9235585
44687,13.62,-0.17,11.53,-0.102,1774656496.9339287
44698,13.62,-0.17,11.54,-0.102,1774656496.9457278
44709,13.62,-0.17,11.55,-0.102,1774656496.9567103
44720,13.62,-0.17,11.56,-0.101,1774656496.9677112
44731,13.62,-0.17,11.57,-0.101,1774656496.9787118
44742,13.62,-0.17,11.58,-0.101,1774656496.9897115
44753,13.62,-0.17,11.59,-0.1,1774656497.000227
44764,13.62,-0.17,11.6,-0.1,1774656497.0117416
44775,13.62,-0.17,11.61,-0.1,1774656497.022741
44786,13.62,-0.17,11.63,-0.099,1774656497.0337434
44797,13.62,-0.17,11.64,-0.099,1774656497.044743
44808,13.62,-0.17,11.65,-0.099,1774656497.055742
44819,13.62,-0.17,11.66,-0.098,1774656497.066742
44830,13.62,-0.17,11.67,-0.098,1774656497.0777419
44841,13.62,-0.17,11.68,-0.097,1774656497.089255
44852,13.62,-0.17,11.69,-0.097,1774656497.1002548
44863,13.62,-0.17,11.7,-0.097,1774656497.1107683
44875,13.62,-0.17,11.71,-0.096,1774656497.1217692
44886,13.62,-0.17,11.72,-0.096,1774656497.1327703
44897,13.62,-0.17,11.74,-0.095,1774656497.1442254
44908,13.62,-0.17,11.75,-0.095,1774656497.154998
44919,13.62,-0.17,11.76,-0.095,1774656497.1659968
44930,13.62,-0.17,11.77,-0.094,1774656497.1769984
44941,13.62,-0.17,11.78,-0.094,1774656497.1879988
44952,13.62,-0.17,11.79,-0.093,1774656497.198516
44963,13.62,-0.17,11.8,-0.093,1774656497.210037
44974,13.62,-0.17,11.81,-0.092,1774656497.221039
44985,13.62,-0.17,11.82,-0.092,1774656497.2320373
44996,13.62,-0.17,11.84,-0.091,1774656497.243037
45007,13.62,-0.17,11.85,-0.091,1774656497.2540386
45018,13.62,-0.17,11.86,-0.091,1774656497.2650385
45029,13.62,-0.17,11.87,-0.09,1774656497.276037
45040,13.62,-0.17,11.88,-0.09,1774656497.287039
45051,13.62,-0.17,11.89,-0.089,1774656497.2980382
45062,13.62,-0.17,11.9,-0.089,1774656497.3090389
45073,13.62,-0.17,11.91,-0.088,1774656497.3200386
45084,13.62,-0.17,11.92,-0.088,1774656497.3310387
45095,13.62,-0.17,11.93,-0.087,1774656497.344037
45106,13.62,-0.17,11.95,-0.087,1774656497.3530378
45117,13.62,-0.17,11.96,-0.086,1774656497.3640373
45128,13.62,-0.17,11.97,-0.086,1774656497.3750362
45139,13.62,-0.17,11.98,-0.085,1774656497.3860373
45150,13.62,-0.17,11.99,-0.085,1774656497.3970358
45161,13.62,-0.17,12.0,-0.084,1774656497.4080358
45172,13.62,-0.17,12.01,-0.084,1774656497.4190373
45183,13.62,-0.17,12.02,-0.083,1774656497.430036
45194,13.62,-0.17,12.03,-0.083,1774656497.4410367
45205,13.62,-0.17,12.04,-0.082,1774656497.452037
45216,13.62,-0.17,12.06,-0.081,1774656497.4630353
45227,13.62,-0.17,12.07,-0.081,1774656497.4740365
45238,13.62,-0.17,12.08,-0.08,1774656497.4850364
45249,13.62,-0.17,12.09,-0.08,1774656497.4960363
45260,13.62,-0.17,12.1,-0.079,1774656497.507037
45271,13.62,-0.17,12.11,-0.079,1774656497.5180357
45282,13.62,-0.17,12.12,-0.078,1774656497.5290356
45293,13.62,-0.17,12.13,-0.078,1774656497.5400398
45304,13.62,-0.17,12.14,-0.077,1774656497.5510378
45315,13.62,-0.17,12.15,-0.076,1774656497.562038
45326,13.62,-0.17,12.17,-0.076,1774656497.5740378
45337,13.62,-0.17,12.18,-0.075,1774656497.5840383
45348,13.62,-0.17,12.19,-0.075,1774656497.5950365
45359,13.62,-0.17,12.2,-0.074,1774656497.606037
45370,13.62,-0.17,12.21,-0.074,1774656497.6175506
45381,13.62,-0.17,12.22,-0.073,1774656497.6285503
45392,13.62,-0.17,12.23,-0.072,1774656497.6395552
45403,13.62,-0.17,12.24,-0.072,1774656497.6505516
45414,13.62,-0.17,12.25,-0.071,1774656497.661553
45425,13.62,-0.17,12.26,-0.07,1774656497.6730876
45436,13.62,-0.17,12.28,-0.07,1774656497.684085
45447,13.62,-0.17,12.29,-0.069,1774656497.695087
45459,13.62,-0.17,12.3,-0.069,1774656497.7060864
45470,13.62,-0.17,12.31,-0.068,1774656497.7166111
45481,13.62,-0.17,12.32,-0.067,1774656497.7276113
45492,13.71,-0.17,12.33,-0.084,1774656497.7386117
45503,13.71,-0.17,12.34,-0.075,1774656497.749614
45514,13.71,-0.17,12.35,-0.075,1774656497.760612
45525,13.71,-0.17,12.36,-0.074,1774656497.772136
45536,13.71,-0.17,12.38,-0.073,1774656497.7831378
45547,13.71,-0.17,12.39,-0.073,1774656497.7941363
45558,13.71,-0.17,12.4,-0.072,1774656497.8051379
45569,13.71,-0.17,12.41,-0.072,1774656497.8156528
45580,13.71,-0.17,12.42,-0.071,1774656497.826653
45591,13.71,-0.17,12.43,-0.07,1774656497.8381758
45602,13.71,-0.17,12.44,-0.07,1774656497.8491762
45613,13.71,-0.17,12.45,-0.069,1774656497.8601763
45624,13.71,-0.17,12.46,-0.068,1774656497.871178
45635,13.71,-0.17,12.47,-0.068,1774656497.8821764
45646,13.71,-0.17,12.49,-0.067,1774656497.8931773
45657,13.71,-0.17,12.5,-0.066,1774656497.9041748
45668,13.71,-0.17,12.51,-0.066,1774656497.9151738
45679,13.71,-0.17,12.52,-0.065,1774656497.9261773
45690,13.71,-0.17,12.53,-0.064,1774656497.937178
45701,13.71,-0.17,12.54,-0.064,1774656497.9481766
45712,13.71,-0.17,12.55,-0.063,1774656497.9591768
45723,13.71,-0.17,12.56,-0.062,1774656497.9704773
45734,13.71,-0.17,12.57,-0.061,1774656497.9814763
45745,13.71,-0.17,12.58,-0.061,1774656497.9924765
45756,13.71,-0.17,12.6,-0.06,1774656498.0034764
45767,13.71,-0.17,12.61,-0.059,1774656498.0144758
45778,13.71,-0.17,12.62,-0.059,1774656498.025476
45789,13.8,-0.17,12.63,-0.075,1774656498.0364773
45800,13.8,-0.17,12.64,-0.067,1774656498.0474775
45811,13.8,-0.17,12.65,-0.066,1774656498.0584762
45822,13.8,-0.17,12.66,-0.065,1774656498.069477
45833,13.8,-0.17,12.67,-0.064,1774656498.0804765
45844,13.8,-0.17,12.68,-0.064,1774656498.091476
45855,13.8,-0.17,12.69,-0.063,1774656498.1024764
45866,13.8,-0.17,12.71,-0.062,1774656498.1134765
45877,13.8,-0.16,12.72,-0.062,1774656498.1244771
45888,13.8,-0.16,12.73,-0.061,1774656498.1354775
45899,13.8,-0.16,12.74,-0.06,1774656498.146476
45910,13.8,-0.16,12.75,-0.059,1774656498.157477
45921,13.8,-0.16,12.76,-0.059,1774656498.1684752
45932,13.8,-0.16,12.77,-0.058,1774656498.1794758
45943,13.8,-0.16,12.78,-0.057,1774656498.190475
45954,13.8,-0.16,12.79,-0.056,1774656498.202478
45965,13.8,-0.16,12.8,-0.056,1774656498.2124755
45976,13.8,-0.16,12.82,-0.055,1774656498.2234764
45987,13.8,-0.16,12.83,-0.054,1774656498.234475
45998,13.8,-0.16,12.84,-0.053,1774656498.2454753
46009,13.8,-0.16,12.85,-0.052,1774656498.256475
46020,13.8,-0.16,12.86,-0.052,1774656498.2674766
46032,13.8,-0.16,12.87,-0.051,1774656498.2784784
46043,13.8,-0.16,12.88,-0.05,1774656498.2894769
46054,13.8,-0.16,12.89,-0.049,1774656498.300475
46065,13.8,-0.16,12.9,-0.049,1774656498.3114738
46076,13.8,-0.16,12.92,-0.048,1774656498.3224764
46087,13.8,-0.16,12.93,-0.047,1774656498.333476
46098,13.8,-0.16,12.94,-0.046,1774656498.344477
46109,13.89,-0.16,12.95,-0.063,1774656498.3554752
46120,13.89,-0.16,12.96,-0.054,1774656498.3664744
46131,13.89,-0.16,12.97,-0.053,1774656498.377475
46142,13.89,-0.16,12.98,-0.052,1774656498.3884752
46153,13.89,-0.16,12.99,-0.051,1774656498.399475
46164,13.89,-0.16,13.0,-0.051,1774656498.4114747
46175,13.89,-0.16,13.01,-0.05,1774656498.4214754
46186,13.89,-0.16,13.03,-0.049,1774656498.4334753
46197,13.89,-0.16,13.04,-0.048,1774656498.4444747
46208,13.89,-0.16,13.05,-0.047,1774656498.4554777
46219,13.89,-0.16,13.06,-0.047,1774656498.4664762
46230,13.89,-0.16,13.07,-0.046,1774656498.4774764
46241,13.89,-0.16,13.08,-0.045,1774656498.4884758
46252,13.89,-0.16,13.09,-0.044,1774656498.499476
46263,13.89,-0.16,13.1,-0.043,1774656498.5104766
46274,13.89,-0.16,13.11,-0.042,1774656498.5214775
46285,13.89,-0.16,13.12,-0.042,1774656498.5324776
46296,13.89,-0.16,13.14,-0.041,1774656498.5435228
46307,13.89,-0.16,13.15,-0.04,1774656498.5540662
46318,13.89,-0.16,13.16,-0.039,1774656498.5650656
46329,13.89,-0.16,13.17,-0.038,1774656498.5760655
46340,13.89,-0.16,13.18,-0.037,1774656498.5870655
46351,13.89,-0.16,13.19,-0.036,1774656498.598066
46362,13.96,-0.16,13.2,-0.049,1774656498.6090655
46373,13.97,-0.16,13.21,-0.046,1774656498.6204486
46384,13.97,-0.16,13.22,-0.043,1774656498.6314497
46395,13.97,-0.16,13.23,-0.042,1774656498.6424484
46406,13.97,-0.16,13.25,-0.041,1774656498.6534479
46417,13.97,-0.16,13.26,-0.04,1774656498.664449
46428,13.97,-0.16,13.27,-0.04,1774656498.675449
46439,13.97,-0.16,13.28,-0.039,1774656498.686449
46450,13.97,-0.16,13.29,-0.038,1774656498.6974459
46461,13.97,-0.16,13.3,-0.037,1774656498.7084458
46472,13.97,-0.16,13.31,-0.036,1774656498.719954
46483,13.97,-0.16,13.32,-0.035,1774656498.7304256
46494,13.97,-0.16,13.33,-0.034,1774656498.741411
46505,13.97,-0.16,13.34,-0.033,1774656498.752412
46516,13.97,-0.16,13.36,-0.033,1774656498.7634122
46527,13.97,-0.16,13.37,-0.032,1774656498.774411
46538,13.97,-0.16,13.38,-0.031,1774656498.785411
46549,13.97,-0.16,13.39,-0.03,1774656498.796412
46560,13.97,-0.16,13.4,-0.029,1774656498.8074143
46571,13.97,-0.16,13.41,-0.028,1774656498.8184123
46582,13.97,-0.16,13.42,-0.027,1774656498.8294108
46593,13.97,-0.16,13.43,-0.026,1774656498.8404112
46605,12.67,-0.19,13.44,0.236,1774656498.8514128
46616,14.69,-0.14,13.45,-0.095,1774656498.8634114
46627,14.88,-0.14,13.47,-0.135,1774656498.8734121
46638,13.27,-0.17,13.48,0.195,1774656498.8844109
46649,13.77,-0.16,13.49,-0.046,1774656498.8954113
46660,14.66,-0.14,13.5,-0.175,1774656498.9074113
46671,13.44,-0.17,13.51,0.154,1774656498.9174123
46682,13.35,-0.17,13.52,0.056,1774656498.9284136
46693,14.63,-0.14,13.53,-0.206,1774656498.9399242
46704,13.59,-0.17,13.54,0.123,1774656498.9509208
46715,13.06,-0.18,13.55,0.132,1774656498.9619203
46726,14.76,-0.14,13.57,-0.2,1774656498.9729214
46737,14.2,-0.15,13.58,0.018,1774656498.9839234
46748,12.89,-0.18,13.59,0.227,1774656498.9949203
46759,14.69,-0.14,13.6,-0.104,1774656499.005921
46770,14.79,-0.14,13.61,-0.103,1774656499.0169203
46781,13.51,-0.17,13.62,0.161,1774656499.0279205
46792,13.89,-0.16,13.63,-0.033,1774656499.0389202
46803,14.4,-0.15,13.64,-0.1,1774656499.049919
46814,13.17,-0.18,13.65,0.197,1774656499.0609198
46825,14.34,-0.15,13.66,-0.134,1774656499.0719197
46836,14.93,-0.13,13.68,-0.16,1774656499.0829206
46847,13.41,-0.17,13.69,0.17,1774656499.09392
46857,13.41,-0.17,13.7,0.17,1774656499.1039214
46867,13.58,-0.16,13.71,0.024,1774656499.1139202
46877,14.92,-0.13,13.72,-0.226,1774656499.12392
46887,13.67,-0.17,13.73,0.104,1774656499.1339197
46897,13.37,-0.18,13.74,0.095,1774656499.1444566
46907,14.5,-0.15,13.75,-0.159,1774656499.1544547
46917,14.01,-0.16,13.76,0.047,1774656499.164455
46927,13.62,-0.17,13.77,0.079,1774656499.1744554
46937,14.74,-0.15,13.78,-0.18,1774656499.1839828
46947,13.35,-0.18,13.79,0.151,1774656499.1939716
46957,13.42,-0.18,13.8,0.059,1774656499.2039716
46968,14.56,-0.15,13.81,-0.16,1774656499.2149708
46979,13.43,-0.18,13.82,0.171,1774656499.2259722
46990,13.47,-0.18,13.83,0.062,1774656499.236971
47001,14.8,-0.14,13.84,-0.201,1774656499.247971
47012,13.81,-0.17,13.85,0.126,1774656499.2589722
47023,13.21,-0.18,13.86,0.152,1774656499.2699723
47034,15.09,-0.14,13.87,-0.179,1774656499.2809718
47045,14.69,-0.15,13.88,-0.02,1774656499.2919726
47056,13.12,-0.18,13.9,0.257,1774656499.3039713
47067,14.68,-0.15,13.91,-0.074,1774656499.3149707
47078,14.85,-0.14,13.92,-0.088,1774656499.325974
47089,13.76,-0.17,13.93,0.148,1774656499.3369718
47100,13.91,-0.16,13.94,0.016,1774656499.3479726
47111,14.54,-0.15,13.95,-0.096,1774656499.3589728
47122,13.77,-0.17,13.96,0.121,1774656499.3699749
47133,13.92,-0.16,13.97,0.018,1774656499.3809726
47144,14.26,-0.16,13.98,-0.034,1774656499.3919725
47155,14.14,-0.16,13.99,0.021,1774656499.4029732
47166,13.91,-0.17,14.01,0.059,1774656499.4139733
47178,14.64,-0.15,14.02,-0.109,1774656499.424974
47189,13.75,-0.17,14.03,0.14,1774656499.4359717
47200,14.12,-0.16,14.04,-0.016,1774656499.4469728
47211,14.22,-0.16,14.05,-0.002,1774656499.4579716
47222,14.13,-0.16,14.06,0.027,1774656499.4689724
47233,14.32,-0.16,14.07,-0.018,1774656499.4799724
47244,14.47,-0.15,14.08,-0.028,1774656499.4909701
47255,14.15,-0.16,14.09,0.049,1774656499.5019722
47266,14.43,-0.15,14.11,-0.035,1774656499.5129724
47277,14.41,-0.15,14.12,-0.004,1774656499.5239737
47288,13.98,-0.16,14.13,0.082,1774656499.534972
47299,14.72,-0.15,14.14,-0.106,1774656499.545973
47310,14.07,-0.16,14.15,0.094,1774656499.5569718
47321,13.73,-0.17,14.16,0.104,1774656499.5679734
47332,14.43,-0.15,14.17,-0.068,1774656499.5789714
47343,14.53,-0.15,14.18,-0.022,1774656499.5899704
47354,13.21,-0.18,14.19,0.254,1774656499.6009731
47365,14.88,-0.14,14.2,-0.076,1774656499.611971
47376,14.57,-0.15,14.22,0.018,1774656499.6229706
47387,14.41,-0.15,14.23,0.021,1774656499.6339726
47398,14.48,-0.15,14.24,-0.006,1774656499.645491
47409,14.73,-0.15,14.25,-0.049,1774656499.6564922
47420,14.29,-0.16,14.26,0.064,1774656499.6674924
47431,14.64,-0.15,14.27,-0.048,1774656499.6784914
47442,14.75,-0.14,14.28,-0.035,1774656499.6894915
47453,13.9,-0.17,14.29,0.147,1774656499.7004921
47464,14.41,-0.16,14.3,-0.036,1774656499.7114904
47475,14.37,-0.16,14.31,0.023,1774656499.722491
47486,14.26,-0.17,14.33,0.042,1774656499.7334914
47497,14.78,-0.15,14.34,-0.071,1774656499.7444918
47508,14.38,-0.16,14.35,0.059,1774656499.7554908
47519,14.2,-0.17,14.36,0.059,1774656499.7664902
47530,15.19,-0.14,14.37,-0.155,1774656499.7774901
47541,13.58,-0.18,14.38,0.175,1774656499.788015
47552,13.92,-0.17,14.39,0.041,1774656499.7990124
47563,15.01,-0.15,14.4,-0.142,1774656499.8100133
47574,13.77,-0.18,14.41,0.189,1774656499.8220134
47585,13.91,-0.17,14.42,0.066,1774656499.8320136
47596,15.32,-0.14,14.44,-0.202,1774656499.844014
47607,13.66,-0.18,14.45,0.128,1774656499.8550136
47618,13.23,-0.19,14.46,0.194,1774656499.865013
47629,14.58,-0.16,14.47,-0.115,1774656499.8770132
47640,14.78,-0.15,14.48,-0.026,1774656499.8880117
47651,13.15,-0.19,14.49,0.305,1774656499.898535
47662,14.36,-0.16,14.5,-0.026,1774656499.9095354
47673,14.97,-0.15,14.51,-0.082,1774656499.9205353
47684,14.87,-0.15,14.52,-0.003,1774656499.931535
47695,13.67,-0.18,14.53,0.23,1774656499.9425354
47706,14.89,-0.15,14.55,-0.101,1774656499.9535363
47717,14.93,-0.15,14.56,-0.018,1774656499.9645355
47729,13.97,-0.17,14.57,0.178,1774656499.975535
47740,14.47,-0.16,14.58,-0.011,1774656499.9865358
47751,14.86,-0.15,14.59,-0.041,1774656499.9975355
47762,14.5,-0.16,14.6,0.069,1774656500.008536
47773,14.49,-0.16,14.61,0.039,1774656500.0195355
47784,15.37,-0.14,14.62,-0.138,1774656500.0305362
47795,13.83,-0.17,14.63,0.193,1774656500.0415366
47806,14.43,-0.16,14.65,-0.009,1774656500.0525365
47817,15.29,-0.14,14.66,-0.124,1774656500.0645351
47828,13.74,-0.18,14.67,0.206,1774656500.075535
47839,14.31,-0.16,14.68,0.009,1774656500.086535
47850,14.24,-0.16,14.69,0.079,1774656500.0975354
47861,14.35,-0.16,14.7,0.051,1774656500.108536
47872,14.33,-0.16,14.71,0.068,1774656500.1185355
47883,14.33,-0.16,14.72,0.067,1774656500.1305346
47894,14.33,-0.16,14.73,0.068,1774656500.1415353
47905,14.33,-0.16,14.74,0.069,1774656500.1525352
47916,14.33,-0.16,14.76,0.071,1774656500.1635373
47927,14.33,-0.16,14.77,0.072,1774656500.174309
47938,14.33,-0.16,14.78,0.073,1774656500.1853075
47949,14.33,-0.16,14.79,0.074,1774656500.196323
47960,14.33,-0.16,14.8,0.076,1774656500.2073228
47971,14.33,-0.16,14.81,0.077,1774656500.2183242
47982,14.33,-0.16,14.82,0.078,1774656500.2293224
47993,14.33,-0.16,14.83,0.08,1774656500.240324
48004,14.33,-0.16,14.84,0.081,1774656500.2513225
48015,14.33,-0.16,14.85,0.082,1774656500.2623231
48026,14.33,-0.16,14.87,0.084,1774656500.2733233
48037,14.33,-0.16,14.88,0.085,1774656500.2843232
48048,14.33,-0.16,14.89,0.087,1774656500.2953227
48059,14.36,-0.16,14.9,0.081,1774656500.3063219
48070,14.41,-0.16,14.91,0.075,1774656500.3173218
48081,14.41,-0.16,14.92,0.081,1774656500.3283231
48092,14.41,-0.16,14.93,0.083,1774656500.3393223
48103,14.41,-0.16,14.94,0.084,1774656500.3503222
48114,14.41,-0.16,14.95,0.085,1774656500.3613234
48125,14.41,-0.16,14.96,0.087,1774656500.3723228
48136,14.41,-0.16,14.98,0.088,1774656500.383323
48147,14.41,-0.16,14.99,0.089,1774656500.3943222
48158,14.41,-0.16,15.0,0.091,1774656500.4053226
48169,14.41,-0.16,15.01,0.092,1774656500.416322
48180,14.41,-0.16,15.02,0.093,1774656500.4273221
48191,14.41,-0.16,15.03,0.095,1774656500.4383216
48202,14.41,-0.16,15.04,0.096,1774656500.449416
48213,14.5,-0.16,15.05,0.081,1774656500.4604166
48224,14.5,-0.16,15.06,0.089,1774656500.4714165
48235,14.5,-0.16,15.07,0.091,1774656500.4824188
48246,14.5,-0.16,15.09,0.092,1774656500.4934175
48257,14.5,-0.16,15.1,0.094,1774656500.5044188
48268,14.5,-0.16,15.11,0.095,1774656500.5154173
48279,14.5,-0.16,15.12,0.097,1774656500.5264165
48290,14.5,-0.16,15.13,0.098,1774656500.5374167
48302,14.5,-0.16,15.14,0.099,1774656500.548738
48313,14.5,-0.16,15.15,0.101,1774656500.5597372
48324,14.5,-0.16,15.16,0.102,1774656500.5707388
48335,14.5,-0.16,15.17,0.104,1774656500.5817366
48346,14.5,-0.16,15.19,0.105,1774656500.5927372
48357,14.5,-0.16,15.2,0.106,1774656500.6037376
48368,14.59,-0.15,15.21,0.09,1774656500.614972
48379,14.59,-0.15,15.22,0.1,1774656500.625636
48390,14.59,-0.15,15.23,0.101,1774656500.6366374
48401,14.59,-0.15,15.24,0.103,1774656500.647638
48412,14.59,-0.15,15.25,0.104,1774656500.6586392
48423,14.59,-0.15,15.26,0.105,1774656500.6696374
48434,14.59,-0.15,15.27,0.107,1774656500.6806376
48445,14.59,-0.15,15.28,0.108,1774656500.691636
48456,14.59,-0.15,15.3,0.11,1774656500.7026384
48467,14.59,-0.15,15.31,0.111,1774656500.7136366
48478,14.59,-0.15,15.32,0.112,1774656500.7246392
48489,14.67,-0.15,15.33,0.097,1774656500.7362757
48500,14.68,-0.15,15.34,0.106,1774656500.747454
48511,14.68,-0.15,15.35,0.107,1774656500.758453
48522,14.68,-0.15,15.36,0.109,1774656500.7694538
48533,14.68,-0.15,15.37,0.11,1774656500.7804537
48544,14.68,-0.15,15.38,0.112,1774656500.7914534
48555,14.68,-0.15,15.39,0.113,1774656500.8024526
48566,14.68,-0.15,15.41,0.114,1774656500.8134537
48577,14.68,-0.15,15.42,0.116,1774656500.8244543
48588,14.68,-0.15,15.43,0.117,1774656500.8354533
48599,14.68,-0.15,15.44,0.119,1774656500.8464534
48610,14.68,-0.15,15.45,0.12,1774656500.8574533
48621,14.75,-0.15,15.46,0.106,1774656500.8682144
48632,14.77,-0.15,15.47,0.113,1774656500.879213
48643,14.77,-0.15,15.48,0.115,1774656500.890214
48654,14.77,-0.15,15.49,0.117,1774656500.9012141
48665,14.77,-0.15,15.5,0.118,1774656500.9122136
48676,14.77,-0.15,15.52,0.119,1774656500.9232137
48687,14.77,-0.15,15.53,0.121,1774656500.9350474
48698,14.77,-0.15,15.54,0.122,1774656500.9459276
48709,14.77,-0.15,15.55,0.124,1774656500.9564493
48720,14.77,-0.15,15.56,0.125,1774656500.9674494
48731,14.77,-0.15,15.57,0.127,1774656500.9784477
48742,14.77,-0.15,15.58,0.128,1774656500.9894485
48753,14.85,-0.15,15.59,0.112,1774656501.0004487
48764,14.85,-0.15,15.6,0.122,1774656501.0114472
48775,14.85,-0.15,15.61,0.123,1774656501.0224493
48786,14.85,-0.15,15.63,0.125,1774656501.0334487
48797,14.85,-0.15,15.64,0.126,1774656501.0444474
48808,14.85,-0.15,15.65,0.128,1774656501.0554476
48819,14.85,-0.15,15.66,0.129,1774656501.066452
48830,14.85,-0.15,15.67,0.13,1774656501.0774481
48841,14.85,-0.15,15.68,0.132,1774656501.0884473
48852,14.85,-0.15,15.69,0.133,1774656501.0994465
48863,14.85,-0.15,15.7,0.135,1774656501.1104474
48874,14.94,-0.14,15.71,0.119,1774656501.1214476
48886,14.94,-0.14,15.72,0.128,1774656501.1324468
48897,14.94,-0.14,15.74,0.13,1774656501.1434462
48908,14.94,-0.14,15.75,0.131,1774656501.1544476
48919,14.94,-0.14,15.76,0.133,1774656501.1654482
48930,14.94,-0.14,15.77,0.134,1774656501.1764472
48941,14.94,-0.14,15.78,0.136,1774656501.1874495
48952,14.94,-0.14,15.79,0.137,1774656501.1994486
48963,14.94,-0.14,15.8,0.139,1774656501.2104495
48974,14.94,-0.14,15.81,0.14,1774656501.2204485
48985,14.94,-0.14,15.82,0.142,1774656501.2314472
48996,14.94,-0.14,15.84,0.143,1774656501.2424467
49007,15.03,-0.14,15.85,0.127,1774656501.253448
49018,15.03,-0.14,15.86,0.137,1774656501.2644475
49029,15.03,-0.14,15.87,0.138,1774656501.275447
49040,15.03,-0.14,15.88,0.14,1774656501.286449
49051,15.03,-0.14,15.89,0.141,1774656501.2974489
49062,15.03,-0.14,15.9,0.143,1774656501.3084502
49073,15.03,-0.14,15.91,0.144,1774656501.3204494
49084,15.03,-0.14,15.92,0.146,1774656501.3314471
49095,15.03,-0.14,15.93,0.147,1774656501.34245
49106,15.03,-0.14,15.95,0.149,1774656501.3534513
49117,15.11,-0.14,15.96,0.133,1774656501.3644497
49128,15.12,-0.14,15.97,0.142,1774656501.3754485
49139,15.12,-0.14,15.98,0.144,1774656501.386452
49150,15.12,-0.14,15.99,0.145,1774656501.3969672
49160,15.12,-0.14,16.0,0.145,1774656501.4069667
49170,15.12,-0.14,16.01,0.147,1774656501.4169688
49180,15.12,-0.14,16.02,0.148,1774656501.4269683
49190,15.12,-0.14,16.03,0.15,1774656501.4369688
49200,15.12,-0.14,16.04,0.151,1774656501.4469683
49210,15.19,-0.14,16.05,0.139,1774656501.4569707
49220,15.21,-0.14,16.06,0.143,1774656501.4679694
49230,15.21,-0.14,16.07,0.146,1774656501.4769673
49240,15.21,-0.14,16.08,0.148,1774656501.4869678
49250,15.21,-0.14,16.09,0.149,1774656501.496971
49260,15.21,-0.14,16.1,0.151,1774656501.5069695
49271,15.21,-0.14,16.11,0.152,1774656501.5179691
49282,15.21,-0.14,16.12,0.154,1774656501.528969
49293,15.21,-0.14,16.13,0.155,1774656501.5409687
49304,15.21,-0.14,16.14,0.157,1774656501.5529711
49315,15.21,-0.14,16.15,0.158,1774656501.5629685
49326,15.21,-0.14,16.17,0.16,1774656501.5739694
49337,15.27,-0.13,16.18,0.147,1774656501.5839708
49348,15.29,-0.13,16.19,0.152,1774656501.5949707
49359,15.29,-0.13,16.2,0.155,1774656501.6059685
49370,15.29,-0.13,16.21,0.157,1774656501.616968
49381,15.29,-0.13,16.22,0.158,1774656501.6279676
49392,15.29,-0.13,16.23,0.159,1774656501.6389682
49403,15.29,-0.13,16.24,0.161,1774656501.650968
49414,15.29,-0.13,16.25,0.163,1774656501.6619701
49425,15.37,-0.13,16.26,0.149,1774656501.6729684
49436,15.38,-0.13,16.28,0.155,1774656501.6839712
49447,15.38,-0.13,16.29,0.158,1774656501.6949682
49459,15.38,-0.13,16.3,0.159,1774656501.7059693
49470,15.38,-0.13,16.31,0.161,1774656501.7169695
49481,15.38,-0.13,16.32,0.162,1774656501.727968
49492,15.38,-0.13,16.33,0.164,1774656501.738481
49503,15.38,-0.13,16.34,0.165,1774656501.7494812
49514,15.38,-0.13,16.35,0.167,1774656501.760481
49525,14.12,-0.16,16.36,0.42,1774656501.7714825
49536,15.36,-0.13,16.38,0.09,1774656501.7824805
49547,16.93,-0.09,16.39,-0.14,1774656501.7934809
49558,17.64,-0.08,16.4,-0.133,1774656501.8044808
49569,16.41,-0.11,16.41,0.181,1774656501.815481
49580,16.41,-0.11,16.42,0.066,1774656501.8264809
49591,17.39,-0.08,16.43,-0.129,1774656501.8374815
49602,17.69,-0.08,16.44,-0.095,1774656501.8484807
49613,17.0,-0.09,16.45,0.072,1774656501.8594813
49624,17.81,-0.07,16.46,-0.155,1774656501.870481
49635,17.59,-0.08,16.47,-0.033,1774656501.8814816
49646,16.89,-0.1,16.49,0.086,1774656501.8924816
49657,17.46,-0.08,16.5,-0.092,1774656501.9034815
49668,17.65,-0.08,16.51,-0.076,1774656501.9144816
49679,17.61,-0.08,16.52,-0.048,1774656501.9254808
49690,17.65,-0.08,16.53,-0.061,1774656501.9364817
49701,17.92,-0.07,16.54,-0.111,1774656501.9474814
49712,17.56,-0.08,16.55,-0.012,1774656501.9584813
49723,17.71,-0.08,16.56,-0.074,1774656501.9704814
49734,18.19,-0.06,16.57,-0.156,1774656501.981483
49745,17.02,-0.1,16.58,0.124,1774656501.9924817
49756,17.21,-0.1,16.6,-0.023,1774656502.003484
49767,17.24,-0.09,16.61,-0.011,1774656502.0144823
49778,17.66,-0.08,16.62,-0.091,1774656502.0254824
49789,17.17,-0.1,16.63,0.048,1774656502.036484
49800,17.27,-0.09,16.64,-0.019,1774656502.0474827
49811,18.01,-0.08,16.65,-0.156,1774656502.0584824
49822,17.54,-0.09,16.66,0.009,1774656502.0694838
49833,17.03,-0.1,16.67,0.068,1774656502.0804825
49844,17.79,-0.08,16.68,-0.133,1774656502.0914829
49855,17.34,-0.09,16.69,0.032,1774656502.1024835
49866,17.59,-0.09,16.71,-0.062,1774656502.1134832
49877,17.14,-0.1,16.72,0.053,1774656502.1244836
49888,17.09,-0.1,16.73,0.022,1774656502.135482
49899,17.75,-0.08,16.74,-0.113,1774656502.1464841
49910,17.68,-0.08,16.75,-0.038,1774656502.157483
49921,17.32,-0.09,16.76,0.03,1774656502.168483
49932,17.28,-0.09,16.77,0.003,1774656502.179483
49943,17.66,-0.08,16.78,-0.074,1774656502.190482
49954,17.49,-0.09,16.79,-0.003,1774656502.2014823
49965,18.11,-0.07,16.8,-0.143,1774656502.2124841
49976,17.72,-0.08,16.82,-0.005,1774656502.2234838
49987,17.27,-0.09,16.83,0.048,1774656502.2344825
49998,17.54,-0.09,16.84,-0.048,1774656502.2454822
50009,17.66,-0.08,16.85,-0.046,1774656502.257482
50020,18.04,-0.07,16.86,-0.108,1774656502.267483
50032,18.07,-0.07,16.87,-0.078,1774656502.278481
50043,17.76,-0.08,16.88,-0.013,1774656502.2894819
50054,18.07,-0.07,16.89,-0.104,1774656502.3004816
50065,17.78,-0.08,16.9,-0.014,1774656502.311481
50076,17.71,-0.08,16.92,-0.027,1774656502.3224804
50087,16.93,-0.1,16.93,0.122,1774656502.3334825
50098,17.68,-0.08,16.94,-0.099,1774656502.3444848
50109,17.68,-0.08,16.95,-0.029,1774656502.3554833
50120,17.92,-0.08,16.96,-0.076,1774656502.3664808
50131,18.02,-0.07,16.97,-0.071,1774656502.3774817
50142,18.02,-0.07,16.98,-0.062,1774656502.3884819
50153,18.02,-0.07,16.99,-0.061,1774656502.3994815
50164,18.02,-0.07,17.0,-0.06,1774656502.4114828
50175,18.02,-0.07,17.01,-0.059,1774656502.421481
50186,18.02,-0.07,17.03,-0.059,1774656502.4324841
50197,18.02,-0.07,17.04,-0.058,1774656502.4444835
50208,18.02,-0.07,17.05,-0.057,1774656502.455481
50219,18.02,-0.07,17.06,-0.056,1774656502.4664824
50230,18.02,-0.07,17.07,-0.055,1774656502.4764829
50241,18.02,-0.07,17.08,-0.055,1774656502.488484
50252,18.02,-0.07,17.09,-0.054,1774656502.4991589
50263,18.02,-0.07,17.1,-0.053,1774656502.5101597
50274,18.02,-0.07,17.11,-0.052,1774656502.52116
50285,18.02,-0.07,17.12,-0.052,1774656502.5321593
50296,18.02,-0.07,17.14,-0.051,1774656502.5431592
50307,18.02,-0.07,17.15,-0.05,1774656502.554378
50318,18.02,-0.07,17.16,-0.049,1774656502.5653787
50329,18.02,-0.07,17.17,-0.048,1774656502.576378
50340,18.02,-0.07,17.18,-0.048,1774656502.5873792
50351,18.02,-0.07,17.19,-0.047,1774656502.5983787
50362,18.02,-0.07,17.2,-0.046,1774656502.6093788
50373,18.02,-0.07,17.21,-0.045,1774656502.6203585
50384,18.02,-0.07,17.22,-0.044,1774656502.6311624
50395,18.02,-0.07,17.23,-0.043,1774656502.6421604
50406,18.02,-0.07,17.25,-0.043,1774656502.6531603
50417,18.02,-0.07,17.26,-0.042,1774656502.6641634
50428,18.02,-0.07,17.27,-0.041,1774656502.6751606
50439,18.02,-0.07,17.28,-0.04,1774656502.6861608
50450,18.02,-0.07,17.29,-0.039,1774656502.6971612
50461,18.02,-0.07,17.3,-0.038,1774656502.7081609
50472,18.02,-0.07,17.31,-0.037,1774656502.7191617
50483,18.02,-0.07,17.32,-0.037,1774656502.730162
50494,18.02,-0.07,17.33,-0.036,1774656502.7411623
50505,18.02,-0.07,17.34,-0.035,1774656502.7529895
50516,18.02,-0.07,17.36,-0.034,1774656502.7638004
50527,18.1,-0.07,17.37,-0.05,1774656502.774802
50538,18.11,-0.07,17.38,-0.041,1774656502.785798
50549,18.11,-0.07,17.39,-0.041,1774656502.7967982
50560,18.11,-0.07,17.4,-0.04,1774656502.8078008
50571,18.11,-0.07,17.41,-0.039,1774656502.8187978
50582,18.11,-0.07,17.42,-0.038,1774656502.8297997
50593,18.11,-0.07,17.43,-0.037,1774656502.8408008
50605,18.11,-0.07,17.44,-0.036,1774656502.8517995
50616,18.11,-0.07,17.46,-0.035,1774656502.8627992
50627,18.11,-0.07,17.47,-0.034,1774656502.8737996
50638,18.11,-0.07,17.48,-0.033,1774656502.8848004
50649,18.11,-0.07,17.49,-0.033,1774656502.8958006
50660,18.11,-0.07,17.5,-0.032,1774656502.9067998
50671,18.11,-0.07,17.51,-0.031,1774656502.9177985
50682,18.11,-0.07,17.52,-0.03,1774656502.9287992
50693,18.11,-0.07,17.53,-0.029,1774656502.9397995
50704,18.11,-0.07,17.54,-0.028,1774656502.9512532
50715,18.11,-0.07,17.55,-0.027,1774656502.961938
50726,18.11,-0.07,17.57,-0.026,1774656502.9729955
50737,18.11,-0.07,17.58,-0.025,1774656502.983995
50748,18.19,-0.07,17.59,-0.041,1774656502.9949949
50759,18.19,-0.07,17.6,-0.033,1774656503.0059943
50770,18.19,-0.07,17.61,-0.032,1774656503.016995
50781,18.19,-0.07,17.62,-0.031,1774656503.0279946
50792,18.19,-0.07,17.63,-0.03,1774656503.0389934
50803,18.19,-0.07,17.64,-0.029,1774656503.0499947
50814,18.19,-0.07,17.65,-0.028,1774656503.0609949
50825,18.19,-0.07,17.66,-0.027,1774656503.0719955
50836,18.19,-0.07,17.68,-0.026,1774656503.0829935
50847,18.19,-0.07,17.69,-0.025,1774656503.093994
50858,18.19,-0.07,17.7,-0.024,1774656503.1049955
50869,18.19,-0.07,17.71,-0.023,1774656503.1159925
50880,18.19,-0.07,17.72,-0.022,1774656503.1269941
50891,18.19,-0.07,17.73,-0.021,1774656503.137994
50902,18.19,-0.07,17.74,-0.02,1774656503.148994
50913,18.19,-0.07,17.75,-0.019,1774656503.1599946
50924,18.19,-0.07,17.76,-0.018,1774656503.1709948
50935,18.19,-0.07,17.77,-0.018,1774656503.1819959
50946,18.19,-0.07,17.79,-0.017,1774656503.1939955
50957,17.16,-0.09,17.8,0.191,1774656503.2039933
50968,17.42,-0.09,17.81,0.042,1774656503.2149942
50979,17.81,-0.08,17.82,-0.01,1774656503.2259948
50990,17.79,-0.08,17.83,0.034,1774656503.2369957
51001,17.67,-0.08,17.84,0.056,1774656503.2479944
51012,17.33,-0.09,17.85,0.114,1774656503.2589943
51023,17.2,-0.09,17.86,0.109,1774656503.2699974
51034,17.71,-0.08,17.87,-0.005,1774656503.2819965
51045,17.23,-0.09,17.88,0.141,1774656503.2929966
51056,17.43,-0.09,17.9,0.058,1774656503.3029962
51067,18.27,-0.07,17.91,-0.09,1774656503.3149953
51078,17.56,-0.08,17.92,0.132,1774656503.3249938
51089,17.57,-0.08,17.93,0.064,1774656503.3369937
51100,18.06,-0.07,17.94,-0.032,1774656503.3479936
51111,17.23,-0.09,17.95,0.182,1774656503.358994
51122,17.6,-0.08,17.96,0.031,1774656503.3699954
51133,19.13,-0.05,17.97,-0.24,1774656503.380995
51144,17.74,-0.08,17.98,0.091,1774656503.3919935
51155,17.57,-0.08,18.0,0.088,1774656503.402993
51167,17.44,-0.09,18.01,0.099,1774656503.413993
51178,18.03,-0.07,18.02,-0.029,1774656503.4249961
51189,17.66,-0.08,18.03,0.1,1774656503.4359953
51200,17.08,-0.1,18.04,0.185,1774656503.4469955
51211,19.16,-0.05,18.05,-0.146,1774656503.4579933
51222,18.99,-0.05,18.06,-0.054,1774656503.4689946
51233,17.63,-0.08,18.07,0.204,1774656503.4799938
51244,17.73,-0.08,18.08,0.055,1774656503.490995
51255,19.4,-0.04,18.09,-0.267,1774656503.501996
51266,18.78,-0.06,18.11,0.015,1774656503.5129938
51277,17.85,-0.08,18.12,0.144,1774656503.5239966
51288,17.57,-0.08,18.13,0.111,1774656503.534994
51299,18.98,-0.05,18.14,-0.195,1774656503.5455086
51310,19.1,-0.05,18.15,-0.085,1774656503.5565083
51321,17.47,-0.09,18.16,0.246,1774656503.5675104
51332,17.77,-0.08,18.17,0.04,1774656503.5785089
51343,19.12,-0.05,18.18,-0.2,1774656503.5895085
51354,18.97,-0.05,18.19,-0.04,1774656503.601027
51365,18.9,-0.05,18.2,-0.04,1774656503.6120284
51376,18.81,-0.06,18.22,-0.028,1774656503.623027
51387,19.01,-0.05,18.23,-0.075,1774656503.6340275
51398,19.02,-0.05,18.24,-0.057,1774656503.6450298
51409,18.72,-0.06,18.25,0.003,1774656503.6560273
51420,18.94,-0.05,18.26,-0.067,1774656503.667027
51431,19.33,-0.04,18.27,-0.125,1774656503.6780262
51442,19.07,-0.05,18.28,-0.034,1774656503.6890278
51453,18.4,-0.07,18.29,0.077,1774656503.700028
51464,19.21,-0.05,18.3,-0.148,1774656503.7110276
51475,19.1,-0.05,18.31,-0.049,1774656503.7220283
51486,17.26,-0.09,18.33,0.282,1774656503.7330287
51497,18.75,-0.06,18.34,-0.048,1774656503.7440271
51508,20.12,-0.03,18.35,-0.294,1774656503.755028
51519,20.54,-0.02,18.36,-0.246,1774656503.766026
51530,21.48,0.01,18.37,-0.394,1774656503.7770271
51541,21.6,0.01,18.38,-0.331,1774656503.7880268
51552,22.18,0.02,18.39,-0.434,1774656503.7990263
51563,22.01,0.02,18.4,-0.346,1774656503.8100271
51574,21.91,0.02,18.41,-0.342,1774656503.8210266
51585,21.21,0.0,18.42,-0.212,1774656503.8320255
51596,21.9,0.02,18.44,-0.417,1774656503.843026
51607,21.62,0.01,18.45,-0.295,1774656503.8540275
51618,21.82,0.01,18.46,-0.361,1774656503.865026
51629,21.93,0.02,18.47,-0.365,1774656503.8760273
51640,21.29,0.0,18.48,-0.226,1774656503.8870282
51651,21.67,0.01,18.49,-0.364,1774656503.8980267
51662,21.85,0.02,18.5,-0.362,1774656503.9090266
51673,21.28,0.0,18.51,-0.233,1774656503.9210281
51684,21.57,0.01,18.52,-0.343,1774656503.9320269
51695,21.99,0.02,18.54,-0.401,1774656503.9430265
51706,21.25,0.0,18.55,-0.214,1774656503.9540272
51717,21.47,0.01,18.56,-0.326,1774656503.9650266
51728,21.62,0.01,18.57,-0.337,1774656503.9760284
51740,21.9,0.02,18.58,-0.378,1774656503.9870272
51751,21.88,0.02,18.59,-0.349,1774656503.998027
51762,21.88,0.02,18.6,-0.35,1774656504.0090275
51773,21.88,0.02,18.61,-0.35,1774656504.0200286
51784,21.88,0.02,18.62,-0.35,1774656504.0310283
51795,21.88,0.02,18.63,-0.351,1774656504.0420258
51806,21.88,0.02,18.65,-0.351,1774656504.0530272
51817,21.88,0.02,18.66,-0.351,1774656504.0640266
51828,21.88,0.02,18.67,-0.351,1774656504.0750284
51839,21.88,0.02,18.68,-0.351,1774656504.0860283
51850,21.88,0.02,18.69,-0.351,1774656504.097028
51861,21.88,0.02,18.7,-0.351,1774656504.1080282
51872,21.88,0.02,18.71,-0.351,1774656504.1192088
51883,21.88,0.02,18.72,-0.351,1774656504.1302078
51894,21.88,0.02,18.73,-0.351,1774656504.1412077
51905,21.88,0.02,18.74,-0.352,1774656504.1522083
51916,21.88,0.02,18.76,-0.352,1774656504.163209
51927,21.88,0.02,18.77,-0.352,1774656504.1742108
51938,21.88,0.02,18.78,-0.352,1774656504.185208
51949,21.88,0.02,18.79,-0.352,1774656504.196209
51960,21.88,0.02,18.8,-0.352,1774656504.2072074
51971,21.88,0.02,18.81,-0.352,1774656504.2182086
51982,21.88,0.02,18.82,-0.352,1774656504.2292075
51993,21.88,0.02,18.83,-0.352,1774656504.2402081
52004,21.88,0.02,18.84,-0.352,1774656504.2512074
52015,21.88,0.02,18.85,-0.352,1774656504.2622085
52026,21.88,0.02,18.87,-0.352,1774656504.2732093
52037,21.88,0.02,18.88,-0.352,1774656504.2842085
52048,21.88,0.02,18.89,-0.352,1774656504.2952096
52059,21.88,0.02,18.9,-0.352,1774656504.3062074
52070,21.88,0.02,18.91,-0.352,1774656504.317208
52081,21.88,0.02,18.92,-0.352,1774656504.3282082
52092,21.88,0.02,18.93,-0.352,1774656504.3392081
52103,21.88,0.02,18.94,-0.352,1774656504.3502076
52114,21.88,0.02,18.95,-0.352,1774656504.3612077
52125,21.88,0.02,18.96,-0.352,1774656504.3722107
52136,21.88,0.02,18.98,-0.352,1774656504.383207
52147,21.88,0.02,18.99,-0.352,1774656504.3942082
52158,21.88,0.02,19.0,-0.352,1774656504.4052086
52169,21.88,0.02,19.01,-0.352,1774656504.4162064
52180,21.88,0.02,19.02,-0.352,1774656504.4272091
52191,21.88,0.02,19.03,-0.352,1774656504.4382086
52202,21.88,0.02,19.04,-0.352,1774656504.4492064
52213,21.88,0.02,19.05,-0.352,1774656504.4602094
52224,21.88,0.02,19.06,-0.352,1774656504.471207
52235,21.88,0.02,19.07,-0.352,1774656504.4822085
52246,21.88,0.02,19.09,-0.352,1774656504.4932091
52257,21.88,0.02,19.1,-0.352,1774656504.5042078
52268,21.88,0.02,19.11,-0.351,1774656504.5152075
52279,21.88,0.02,19.12,-0.351,1774656504.5262074
52290,21.88,0.02,19.13,-0.351,1774656504.5382087
52301,21.88,0.02,19.14,-0.351,1774656504.5482092
52312,21.88,0.02,19.15,-0.351,1774656504.559786
52324,21.88,0.02,19.16,-0.351,1774656504.5707874
52335,21.88,0.02,19.17,-0.351,1774656504.581787
52346,21.88,0.02,19.19,-0.351,1774656504.592785
52357,21.88,0.02,19.2,-0.351,1774656504.6037881
52368,21.88,0.02,19.21,-0.351,1774656504.6150417
52379,21.88,0.02,19.22,-0.351,1774656504.6252692
52390,21.88,0.02,19.23,-0.35,1774656504.6372707
52401,21.88,0.02,19.24,-0.35,1774656504.6482718
52412,21.88,0.02,19.25,-0.35,1774656504.659271
52423,21.88,0.02,19.26,-0.35,1774656504.6702724
52434,21.88,0.02,19.27,-0.35,1774656504.6802688
52445,21.88,0.02,19.28,-0.35,1774656504.6922686
52456,21.88,0.02,19.3,-0.35,1774656504.7032728
52467,21.88,0.02,19.31,-0.35,1774656504.7138014
52478,21.88,0.02,19.32,-0.349,1774656504.724794
52489,21.88,0.02,19.33,-0.349,1774656504.7357934
52500,21.88,0.02,19.34,-0.349,1774656504.7467918
52511,21.88,0.02,19.35,-0.349,1774656504.7584796
52522,21.88,0.02,19.36,-0.349,1774656504.7693598
52533,21.88,0.02,19.37,-0.349,1774656504.7800674
52544,21.88,0.02,19.38,-0.348,1774656504.7910666
52555,21.88,0.02,19.39,-0.348,1774656504.8020675
52566,21.88,0.02,19.41,-0.348,1774656504.8130667
52577,21.88,0.02,19.42,-0.348,1774656504.8240669
52588,21.88,0.02,19.43,-0.348,1774656504.8350656
52599,21.88,0.02,19.44,-0.347,1774656504.846066
52610,21.88,0.02,19.45,-0.347,1774656504.8570652
52621,21.88,0.02,19.46,-0.347,1774656504.8680654
52632,21.88,0.02,19.47,-0.347,1774656504.8790667
52643,21.88,0.02,19.48,-0.347,1774656504.8900652
52654,21.88,0.02,19.49,-0.346,1774656504.9010658
52665,21.88,0.02,19.5,-0.346,1774656504.9120662
52676,21.88,0.02,19.52,-0.346,1774656504.9230676
52687,21.88,0.02,19.53,-0.346,1774656504.9340653
52698,21.88,0.02,19.54,-0.346,1774656504.9450653
52709,21.88,0.02,19.55,-0.345,1774656504.9560652
52720,21.88,0.02,19.56,-0.345,1774656504.9677641
52731,21.88,0.02,19.57,-0.345,1774656504.9788032
52742,21.88,0.02,19.58,-0.345,1774656504.989107
52753,21.88,0.02,19.59,-0.344,1774656505.0001051
52764,21.88,0.02,19.6,-0.344,1774656505.0111053
52775,21.88,0.02,19.61,-0.344,1774656505.0221045
52786,21.88,0.02,19.63,-0.343,1774656505.033106
52797,21.88,0.02,19.64,-0.343,1774656505.044106
52808,21.88,0.02,19.65,-0.343,1774656505.055105
52819,21.88,0.02,19.66,-0.343,1774656505.0661056
52830,21.88,0.02,19.67,-0.342,1774656505.0771058
52841,21.88,0.02,19.68,-0.342,1774656505.088106
52852,21.88,0.02,19.69,-0.342,1774656505.0991054
52863,21.88,0.02,19.7,-0.341,1774656505.1101055
52874,21.88,0.02,19.71,-0.341,1774656505.121106
52886,21.88,0.02,19.73,-0.341,1774656505.1331072
52897,21.88,0.02,19.74,-0.341,1774656505.1441047
52908,21.88,0.02,19.75,-0.34,1774656505.1551054
52919,21.88,0.02,19.76,-0.34,1774656505.1651056
52930,21.88,0.02,19.77,-0.34,1774656505.1763682
52941,21.88,0.02,19.78,-0.339,1774656505.1873677
52952,21.88,0.02,19.79,-0.339,1774656505.1983664
52963,21.88,0.02,19.8,-0.339,1774656505.209369
52974,21.88,0.02,19.81,-0.338,1774656505.2203684
52985,21.88,0.02,19.82,-0.338,1774656505.231367
52996,21.88,0.02,19.84,-0.338,1774656505.2423663
53007,21.88,0.02,19.85,-0.337,1774656505.2533667
53018,21.88,0.02,19.86,-0.337,1774656505.2643678
53029,21.88,0.02,19.87,-0.337,1774656505.2753696
53040,21.88,0.02,19.88,-0.336,1774656505.287369
53051,21.88,0.02,19.89,-0.336,1774656505.2973669
53062,21.88,0.02,19.9,-0.335,1774656505.3083673
53073,21.88,0.02,19.91,-0.335,1774656505.3203692
53084,21.88,0.02,19.92,-0.335,1774656505.3313684
53095,21.88,0.02,19.93,-0.334,1774656505.342369
53106,21.88,0.02,19.95,-0.334,1774656505.3533702
53117,21.88,0.02,19.96,-0.333,1774656505.3643703
53128,21.88,0.02,19.97,-0.333,1774656505.37537
53139,21.88,0.02,19.98,-0.333,1774656505.3863723
53150,21.88,0.02,19.99,-0.332,1774656505.39697
53161,21.88,0.02,20.0,-0.332,1774656505.4079697
53172,21.88,0.02,20.01,-0.331,1774656505.4189713
53183,21.88,0.02,20.02,-0.331,1774656505.42997
53194,21.88,0.02,20.03,-0.331,1774656505.440969
53205,21.88,0.02,20.04,-0.33,1774656505.4519694
53216,21.88,0.02,20.06,-0.33,1774656505.46297
53227,21.88,0.02,20.07,-0.329,1774656505.47397
53238,21.88,0.02,20.08,-0.329,1774656505.48497
53249,21.88,0.02,20.09,-0.328,1774656505.4964895
53260,21.97,0.02,20.1,-0.345,1774656505.507489
53271,21.97,0.02,20.11,-0.337,1774656505.5184886
53282,21.97,0.02,20.12,-0.336,1774656505.5294895
53293,21.97,0.02,20.13,-0.336,1774656505.5404897
53304,21.97,0.02,20.14,-0.336,1774656505.551017
53315,21.97,0.02,20.15,-0.335,1774656505.5620162
53326,21.97,0.02,20.17,-0.335,1774656505.5730166
53337,21.97,0.02,20.18,-0.334,1774656505.5840166
53348,21.97,0.02,20.19,-0.334,1774656505.5950162
53359,21.97,0.02,20.2,-0.333,1774656505.6060183
53370,21.97,0.02,20.21,-0.333,1774656505.6170168
53381,21.97,0.02,20.22,-0.332,1774656505.6280165
53392,21.97,0.02,20.23,-0.332,1774656505.6390166
53403,21.97,0.02,20.24,-0.331,1774656505.650017
53414,21.97,0.02,20.25,-0.331,1774656505.661016
53425,21.97,0.02,20.27,-0.33,1774656505.6720173
53436,21.97,0.02,20.28,-0.33,1774656505.6830158
53447,21.97,0.02,20.29,-0.33,1774656505.6940167
53458,21.97,0.02,20.3,-0.329,1774656505.7050176
53470,21.97,0.02,20.31,-0.329,1774656505.7160156
53481,21.97,0.02,20.32,-0.328,1774656505.7270172
53492,21.97,0.02,20.33,-0.328,1774656505.7380183
53503,21.97,0.02,20.34,-0.327,1774656505.750018
53514,21.97,0.02,20.35,-0.326,1774656505.761018
53525,21.97,0.02,20.36,-0.326,1774656505.772017
53536,21.97,0.02,20.38,-0.325,1774656505.7830176
53547,21.97,0.02,20.39,-0.325,1774656505.7940183
53558,21.97,0.02,20.4,-0.324,1774656505.8050177
53569,21.97,0.02,20.41,-0.324,1774656505.8160174
53580,21.97,0.02,20.42,-0.323,1774656505.8270183
53591,21.97,0.02,20.43,-0.323,1774656505.838018
53602,21.97,0.02,20.44,-0.322,1774656505.8490176
53613,21.97,0.02,20.45,-0.322,1774656505.860018
53624,21.97,0.02,20.46,-0.321,1774656505.8709393
53635,21.97,0.02,20.47,-0.321,1774656505.8819385
53646,21.97,0.02,20.49,-0.32,1774656505.8929381
53657,21.97,0.02,20.5,-0.319,1774656505.903939
53668,21.97,0.02,20.51,-0.319,1774656505.9149382
53679,21.97,0.02,20.52,-0.318,1774656505.9259374
53690,21.97,0.02,20.53,-0.318,1774656505.9369395
53701,21.97,0.02,20.54,-0.317,1774656505.947937
53712,21.97,0.02,20.55,-0.317,1774656505.9589376
53723,21.97,0.02,20.56,-0.316,1774656505.969939
53734,21.97,0.02,20.57,-0.315,1774656505.980938
53745,21.97,0.02,20.58,-0.315,1774656505.9919388
53756,21.97,0.02,20.6,-0.314,1774656506.002939
53767,21.97,0.02,20.61,-0.313,1774656506.013938
53778,21.97,0.02,20.62,-0.313,1774656506.0249372
53789,21.97,0.02,20.63,-0.312,1774656506.035939
53800,21.97,0.02,20.64,-0.312,1774656506.0469377
53811,22.05,0.02,20.65,-0.327,1774656506.0579371
53822,22.06,0.02,20.66,-0.32,1774656506.0689385
53833,22.06,0.02,20.67,-0.319,1774656506.079937
53844,22.06,0.02,20.68,-0.318,1774656506.0909371
53855,22.06,0.02,20.69,-0.318,1774656506.101937
53866,22.06,0.02,20.71,-0.317,1774656506.1129367
53877,22.06,0.02,20.72,-0.317,1774656506.1239376
53888,22.06,0.02,20.73,-0.316,1774656506.1349375
53899,22.06,0.02,20.74,-0.315,1774656506.1459372
53910,22.06,0.02,20.75,-0.315,1774656506.1569366
53921,22.06,0.02,20.76,-0.314,1774656506.1679387
53932,22.06,0.02,20.77,-0.313,1774656506.1789365
53943,22.06,0.02,20.78,-0.313,1774656506.1899366
53954,22.06,0.02,20.79,-0.312,1774656506.2009368
53965,22.06,0.02,20.81,-0.312,1774656506.2119367
53976,22.06,0.02,20.82,-0.311,1774656506.2229385
53987,22.06,0.02,20.83,-0.31,1774656506.2339394
53998,22.06,0.02,20.84,-0.31,1774656506.2449393
54009,22.06,0.02,20.85,-0.309,1774656506.255937
54020,22.06,0.02,20.86,-0.308,1774656506.2669373
54031,22.06,0.02,20.87,-0.307,1774656506.2779386
54043,22.06,0.02,20.88,-0.307,1774656506.2899396
54054,22.06,0.02,20.89,-0.306,1774656506.2999523
54065,22.06,0.02,20.9,-0.305,1774656506.3119552
54076,22.06,0.02,20.92,-0.305,1774656506.3229556
54087,22.06,0.02,20.93,-0.304,1774656506.3339539
54098,22.06,0.02,20.94,-0.303,1774656506.344953
54109,22.15,0.02,20.95,-0.32,1774656506.3559532
54120,22.15,0.02,20.96,-0.311,1774656506.3669512
54131,22.15,0.02,20.97,-0.311,1774656506.377952
54142,22.15,0.02,20.98,-0.31,1774656506.3889554
54153,22.15,0.02,20.99,-0.309,1774656506.3999517
54164,22.15,0.02,21.0,-0.308,1774656506.4109514
54175,22.15,0.02,21.01,-0.308,1774656506.4219518
54186,22.15,0.02,21.03,-0.307,1774656506.4329522
54197,22.15,0.02,21.04,-0.306,1774656506.4439516
54208,22.15,0.02,21.05,-0.306,1774656506.4549515
54219,22.15,0.02,21.06,-0.305,1774656506.4659517
54230,22.15,0.02,21.07,-0.304,1774656506.4769511
54241,22.15,0.02,21.08,-0.303,1774656506.4879518
54252,22.15,0.02,21.09,-0.303,1774656506.4995356
54263,22.15,0.02,21.1,-0.302,1774656506.509535
54274,22.15,0.02,21.11,-0.301,1774656506.5215368
54285,22.15,0.02,21.12,-0.301,1774656506.5325365
54296,22.15,0.02,21.14,-0.3,1774656506.5433366
54307,22.15,0.02,21.15,-0.299,1774656506.5540335
54318,22.15,0.02,21.16,-0.298,1774656506.5650332
54329,22.15,0.02,21.17,-0.297,1774656506.576031
54340,22.15,0.02,21.18,-0.297,1774656506.5870347
54351,22.15,0.02,21.19,-0.296,1774656506.5980308
54362,22.15,0.02,21.2,-0.295,1774656506.6090336
54373,22.15,0.02,21.21,-0.294,1774656506.620636
54384,22.15,0.02,21.22,-0.294,1774656506.6316342
54395,22.15,0.02,21.23,-0.293,1774656506.6426344
54406,22.15,0.02,21.25,-0.292,1774656506.6536388
54417,22.15,0.02,21.26,-0.291,1774656506.664636
54428,22.2,0.02,21.27,-0.302,1774656506.6756387
54439,22.24,0.03,21.28,-0.302,1774656506.6866348
54450,22.24,0.03,21.29,-0.298,1774656506.6976345
54461,22.24,0.03,21.3,-0.297,1774656506.7086358
54472,22.24,0.03,21.31,-0.297,1774656506.7196348
54483,22.24,0.03,21.32,-0.296,1774656506.7306364
54494,22.24,0.03,21.33,-0.295,1774656506.7416348
54505,22.24,0.03,21.35,-0.294,1774656506.7526362
54516,22.24,0.03,21.36,-0.293,1774656506.7636356
54527,22.24,0.03,21.37,-0.293,1774656506.774828
54538,22.24,0.03,21.38,-0.292,1774656506.7855356
54549,22.24,0.03,21.39,-0.291,1774656506.796655
54560,22.24,0.03,21.4,-0.29,1774656506.8076527
54571,22.24,0.03,21.41,-0.289,1774656506.8186536
54582,22.24,0.02,21.42,-0.289,1774656506.829654
54593,22.24,0.02,21.43,-0.288,1774656506.8406527
54604,22.24,0.02,21.44,-0.287,1774656506.851653
54615,22.24,0.02,21.46,-0.286,1774656506.8626533
54627,22.24,0.02,21.47,-0.285,1774656506.8736546
54638,22.24,0.02,21.48,-0.284,1774656506.8846529
54649,22.24,0.02,21.49,-0.284,1774656506.8956525
54660,22.24,0.02,21.5,-0.283,1774656506.9066532
54671,22.24,0.02,21.51,-0.282,1774656506.9176528
54682,22.29,0.03,21.52,-0.292,1774656506.9286528
54693,22.32,0.03,21.53,-0.292,1774656506.939653
54704,22.32,0.03,21.54,-0.289,1774656506.9506528
54715,22.32,0.03,21.55,-0.288,1774656506.9616525
54726,22.32,0.03,21.57,-0.287,1774656506.9732237
54737,22.32,0.03,21.58,-0.286,1774656506.9835904
54748,22.32,0.03,21.59,-0.285,1774656506.9945903
54759,22.32,0.03,21.6,-0.284,1774656507.0055883
54770,22.32,0.03,21.61,-0.283,1774656507.0165887
54781,22.32,0.03,21.62,-0.283,1774656507.0275886
54792,22.32,0.03,21.63,-0.282,1774656507.0385888
54803,22.32,0.03,21.64,-0.281,1774656507.0495884
54814,22.32,0.03,21.65,-0.28,1774656507.0605884
54825,22.32,0.03,21.66,-0.279,1774656507.071588
54836,22.32,0.03,21.68,-0.278,1774656507.083591
54847,22.32,0.03,21.69,-0.277,1774656507.0945888
54858,22.32,0.03,21.7,-0.276,1774656507.1045868
54869,22.32,0.03,21.71,-0.276,1774656507.1155872
54880,22.32,0.03,21.72,-0.275,1774656507.1265874
54891,22.32,0.03,21.73,-0.274,1774656507.138109
54902,22.41,0.03,21.74,-0.29,1774656507.1491096
54913,22.41,0.03,21.75,-0.281,1774656507.1601086
54924,22.41,0.03,21.76,-0.28,1774656507.171367
54935,22.41,0.03,21.77,-0.279,1774656507.182364
54946,22.41,0.03,21.79,-0.278,1774656507.1933627
54957,22.41,0.03,21.8,-0.278,1774656507.2043617
54968,22.41,0.03,21.81,-0.277,1774656507.215362
54979,22.41,0.03,21.82,-0.276,1774656507.2263613
54990,22.41,0.03,21.83,-0.275,1774656507.2373612
55001,22.41,0.03,21.84,-0.274,1774656507.2483604
55012,22.41,0.03,21.85,-0.273,1774656507.2593627
55023,22.41,0.03,21.86,-0.272,1774656507.270361
55034,22.41,0.03,21.87,-0.271,1774656507.2813604
55045,22.41,0.03,21.89,-0.27,1774656507.2923634
55056,22.41,0.03,21.9,-0.269,1774656507.3033617
55067,22.41,0.03,21.91,-0.268,1774656507.3143618
55078,22.41,0.03,21.92,-0.267,1774656507.325362
55089,22.41,0.03,21.93,-0.266,1774656507.3363628
55100,21.57,0.01,21.94,-0.097,1774656507.3473616
55111,21.77,0.01,21.95,-0.216,1774656507.358363
55122,21.87,0.02,21.96,-0.216,1774656507.3693619
55133,22.32,0.03,21.97,-0.294,1774656507.3803606
55144,22.32,0.03,21.98,-0.251,1774656507.3913605
55155,21.98,0.02,22.0,-0.181,1774656507.4023614
55166,21.38,0.0,22.01,-0.092,1774656507.4133625
55177,21.84,0.02,22.02,-0.242,1774656507.4243608
55189,21.49,0.01,22.03,-0.126,1774656507.435363
55200,21.62,0.01,22.04,-0.183,1774656507.446362
55211,22.02,0.02,22.05,-0.25,1774656507.4573598
55222,21.97,0.02,22.06,-0.202,1774656507.4683616
55233,21.47,0.01,22.07,-0.104,1774656507.4793594
55244,21.9,0.02,22.08,-0.236,1774656507.4903607
55255,21.47,0.01,22.09,-0.109,1774656507.5013604
55266,21.73,0.01,22.11,-0.2,1774656507.5123608
55277,22.06,0.02,22.12,-0.239,1774656507.5233612
55288,21.12,-0.0,22.13,-0.019,1774656507.5343611
55299,22.62,0.03,22.14,-0.35,1774656507.545361
55310,21.89,0.02,22.15,-0.119,1774656507.5563602
55321,21.52,0.01,22.16,-0.111,1774656507.5673604
55332,23.13,0.05,22.17,-0.442,1774656507.5783608
55343,21.91,0.02,22.18,-0.112,1774656507.5893612
55354,21.79,0.01,22.19,-0.16,1774656507.6003602
55365,23.15,0.05,22.2,-0.443,1774656507.6113605
55376,21.76,0.01,22.22,-0.112,1774656507.6224809
55387,21.77,0.01,22.23,-0.168,1774656507.6334813
55398,23.15,0.05,22.24,-0.441,1774656507.6444812
55409,21.73,0.01,22.25,-0.111,1774656507.655481
55420,21.79,0.01,22.26,-0.171,1774656507.666482
55431,23.15,0.05,22.27,-0.436,1774656507.677481
55442,21.73,0.01,22.28,-0.106,1774656507.6884816
55453,21.93,0.02,22.29,-0.197,1774656507.7000046
55464,23.07,0.04,22.3,-0.404,1774656507.7110047
55475,21.85,0.01,22.31,-0.073,1774656507.7220037
55486,21.69,0.01,22.33,-0.134,1774656507.733005
55497,22.63,0.03,22.34,-0.335,1774656507.744004
55508,22.01,0.02,22.35,-0.12,1774656507.7550035
55519,21.45,0.0,22.36,-0.067,1774656507.7660017
55530,23.65,0.06,22.37,-0.398,1774656507.7770045
55541,21.98,0.02,22.38,-0.068,1774656507.7880046
55552,21.57,0.01,22.39,-0.088,1774656507.7990007
55563,22.84,0.04,22.4,-0.382,1774656507.810001
55574,22.12,0.02,22.41,-0.115,1774656507.8210018
55585,22.06,0.02,22.43,-0.171,1774656507.8320024
55596,23.0,0.04,22.44,-0.362,1774656507.8430011
55607,21.71,0.01,22.45,-0.031,1774656507.8540034
55618,21.94,0.02,22.46,-0.183,1774656507.8650012
55629,23.17,0.04,22.47,-0.404,1774656507.8760004
55640,21.99,0.02,22.48,-0.074,1774656507.8870018
55651,21.72,0.01,22.49,-0.108,1774656507.8980021
55662,22.88,0.04,22.5,-0.364,1774656507.909002
55673,22.12,0.02,22.51,-0.101,1774656507.9200025
55684,21.71,0.01,22.52,-0.091,1774656507.9310014
55695,22.89,0.04,22.54,-0.363,1774656507.9426181
55706,21.86,0.01,22.55,-0.045,1774656507.953617
55717,21.8,0.01,22.56,-0.127,1774656507.9646173
55728,22.78,0.04,22.57,-0.33,1774656507.9756157
55739,21.83,0.01,22.58,-0.045,1774656507.986616
55750,21.91,0.02,22.59,-0.149,1774656507.9978158
55761,22.57,0.03,22.6,-0.273,1774656508.0088153
55773,21.55,0.01,22.61,-0.004,1774656508.0194016
55784,22.65,0.03,22.62,-0.321,1774656508.030401
55795,22.67,0.03,22.63,-0.218,1774656508.0414004
55806,21.68,0.01,22.65,-0.017,1774656508.052402
55817,23.32,0.05,22.66,-0.348,1774656508.0633998
55828,22.41,0.03,22.67,-0.098,1774656508.0743995
55839,21.7,0.01,22.68,-0.042,1774656508.0853999
55850,22.93,0.04,22.69,-0.356,1774656508.0963986
55861,21.87,0.01,22.7,-0.025,1774656508.1073985
55872,21.83,0.01,22.71,-0.115,1774656508.1184
55883,23.01,0.04,22.72,-0.354,1774656508.1293993
55894,22.1,0.02,22.73,-0.06,1774656508.1403987
55905,21.8,0.01,22.74,-0.083,1774656508.1514
55916,22.94,0.04,22.76,-0.338,1774656508.1623986
55927,22.16,0.02,22.77,-0.074,1774656508.1734
55938,21.72,0.01,22.78,-0.058,1774656508.1854
55949,22.96,0.04,22.79,-0.347,1774656508.1955893
55960,21.73,0.01,22.8,-0.016,1774656508.2065878
55971,21.77,0.01,22.81,-0.105,1774656508.217587
55982,23.18,0.04,22.82,-0.382,1774656508.2295866
55993,22.02,0.02,22.83,-0.051,1774656508.2395873
56004,21.63,0.01,22.84,-0.046,1774656508.250586
56015,23.47,0.05,22.85,-0.376,1774656508.2625878
56026,21.94,0.01,22.87,-0.045,1774656508.2735884
56037,21.82,0.01,22.88,-0.086,1774656508.2845886
56048,23.06,0.05,22.89,-0.346,1774656508.294585
56059,21.72,0.02,22.9,-0.015,1774656508.3065875
56070,21.86,0.02,22.91,-0.112,1774656508.3175883
56081,23.19,0.05,22.92,-0.363,1774656508.3285875
56092,21.86,0.02,22.93,-0.032,1774656508.339587
56103,21.95,0.02,22.94,-0.113,1774656508.350587
56114,23.18,0.05,22.95,-0.348,1774656508.361587
56125,22.01,0.02,22.97,-0.017,1774656508.3725877
56136,21.95,0.02,22.98,-0.096,1774656508.3835874
56147,23.43,0.06,22.99,-0.395,1774656508.3945856
56158,22.14,0.03,23.0,-0.064,1774656508.4055865
56169,21.69,0.02,23.01,-0.026,1774656508.4165883
56180,23.57,0.06,23.02,-0.357,1774656508.4275877
56191,22.4,0.03,23.03,-0.029,1774656508.4385889
56202,21.76,0.02,23.04,-0.011,1774656508.4493256
56213,22.88,0.04,23.05,-0.295,1774656508.460325
56224,23.01,0.05,23.06,-0.213,1774656508.4713268
56235,21.97,0.02,23.08,0.008,1774656508.4823263
56246,23.08,0.05,23.09,-0.311,1774656508.4933257
56257,23.14,0.05,23.1,-0.217,1774656508.504325
56268,21.97,0.02,23.11,0.024,1774656508.5153246
56279,22.9,0.04,23.12,-0.271,1774656508.5263238
56290,23.1,0.05,23.13,-0.222,1774656508.537326
56301,22.18,0.03,23.14,-0.017,1774656508.5478473
56312,22.82,0.04,23.15,-0.232,1774656508.5595648
56323,23.24,0.05,23.16,-0.252,1774656508.570566
56334,21.24,0.0,23.17,0.079,1774656508.581565
56346,22.95,0.04,23.19,-0.251,1774656508.592566
56357,23.1,0.05,23.2,-0.21,1774656508.6035647
56368,21.54,0.01,23.21,0.12,1774656508.614563
56379,23.3,0.05,23.22,-0.21,1774656508.625508
56390,23.23,0.05,23.23,-0.196,1774656508.636795
56401,22.6,0.04,23.24,-0.077,1774656508.6477942
56412,22.98,0.04,23.25,-0.211,1774656508.6587958
56423,23.2,0.05,23.26,-0.217,1774656508.6697989
56434,22.26,0.03,23.27,-0.007,1774656508.6807952
56445,22.93,0.04,23.28,-0.229,1774656508.6917958
56456,23.15,0.05,23.3,-0.209,1774656508.7027962
56467,21.93,0.02,23.31,0.059,1774656508.713844
56478,23.22,0.05,23.32,-0.271,1774656508.7243905
56489,23.0,0.05,23.33,-0.146,1774656508.7353868
56500,21.84,0.02,23.34,0.066,1774656508.7463868
56511,22.94,0.04,23.35,-0.262,1774656508.7573864
56522,23.22,0.05,23.36,-0.213,1774656508.7685978
56533,21.48,0.01,23.37,0.118,1774656508.7797139
56544,22.89,0.04,23.38,-0.212,1774656508.7904174
56555,23.19,0.05,23.39,-0.208,1774656508.8024185
56566,22.64,0.04,23.41,-0.067,1774656508.8124158
56577,22.92,0.04,23.42,-0.174,1774656508.8240051
56588,23.08,0.05,23.43,-0.178,1774656508.8350036
56599,22.71,0.04,23.44,-0.089,1774656508.846003
56610,23.43,0.06,23.45,-0.265,1774656508.857004
56621,22.86,0.04,23.46,-0.083,1774656508.8680053
56632,22.6,0.04,23.47,-0.082,1774656508.8790052
56643,22.85,0.04,23.48,-0.155,1774656508.890004
56654,23.36,0.06,23.49,-0.234,1774656508.9010046
56665,22.58,0.04,23.51,-0.026,1774656508.9120047
56676,23.04,0.05,23.52,-0.192,1774656508.923003
56687,23.13,0.05,23.53,-0.165,1774656508.9340043
56698,22.61,0.04,23.54,-0.05,1774656508.9450028
56709,22.92,0.04,23.55,-0.16,1774656508.9560034
56720,23.37,0.06,23.56,-0.22,1774656508.967003
56731,22.5,0.04,23.57,-0.003,1774656508.9780526
56742,22.92,0.05,23.58,-0.168,1774656508.9896314
56753,23.15,0.05,23.59,-0.171,1774656508.9996283
56764,22.81,0.04,23.6,-0.082,1774656509.0106285
56775,23.53,0.06,23.62,-0.256,1774656509.0216272
56786,22.93,0.05,23.63,-0.067,1774656509.0336306
56797,22.77,0.04,23.64,-0.089,1774656509.0446296
56808,22.94,0.05,23.65,-0.137,1774656509.0556295
56819,23.48,0.06,23.66,-0.227,1774656509.066628
56830,22.86,0.04,23.67,-0.052,1774656509.077627
56841,23.44,0.06,23.68,-0.224,1774656509.0886278
56852,23.18,0.05,23.69,-0.117,1774656509.099628
56863,22.55,0.04,23.7,-0.013,1774656509.1106284
56874,23.1,0.05,23.71,-0.181,1774656509.1216302
56885,23.19,0.05,23.73,-0.147,1774656509.1326303
56896,22.77,0.04,23.74,-0.053,1774656509.1436288
56907,23.03,0.05,23.75,-0.143,1774656509.1546295
56918,23.1,0.05,23.76,-0.132,1774656509.1656284
56930,23.29,0.05,23.77,-0.161,1774656509.1768892
56941,23.29,0.05,23.78,-0.141,1774656509.1878884
56952,23.29,0.05,23.79,-0.14,1774656509.1988893
56963,23.29,0.05,23.8,-0.139,1774656509.2108877
56974,23.29,0.05,23.81,-0.138,1774656509.2208886
56985,23.29,0.05,23.82,-0.136,1774656509.231952
56996,23.29,0.05,23.84,-0.135,1774656509.2429535
57007,23.29,0.05,23.85,-0.134,1774656509.25395
57018,23.29,0.05,23.86,-0.132,1774656509.2649498
57029,23.29,0.05,23.87,-0.131,1774656509.2759497
57040,23.29,0.05,23.88,-0.129,1774656509.2869523
57051,23.29,0.05,23.89,-0.128,1774656509.2979512
57062,23.29,0.05,23.9,-0.127,1774656509.3089514
57073,23.29,0.05,23.91,-0.125,1774656509.3199513
57084,23.29,0.05,23.92,-0.124,1774656509.330951
57095,23.29,0.05,23.93,-0.123,1774656509.3419518
57106,23.29,0.05,23.95,-0.121,1774656509.3529508
57117,23.29,0.05,23.96,-0.12,1774656509.3639505
57128,23.29,0.05,23.97,-0.118,1774656509.374951
57139,23.38,0.05,23.98,-0.134,1774656509.3859534
57150,23.38,0.05,23.99,-0.125,1774656509.396951
57161,23.38,0.05,24.0,-0.123,1774656509.407951
57172,23.38,0.05,24.01,-0.122,1774656509.4189517
57183,23.38,0.05,24.02,-0.121,1774656509.429951
57194,23.38,0.05,24.03,-0.119,1774656509.4409509
57205,23.38,0.05,24.05,-0.118,1774656509.4521081
57216,23.38,0.05,24.06,-0.117,1774656509.4631085
57227,23.38,0.05,24.07,-0.115,1774656509.4741077
57238,23.38,0.05,24.08,-0.114,1774656509.485107
57249,23.38,0.05,24.09,-0.112,1774656509.4961078
57260,23.38,0.05,24.1,-0.111,1774656509.5071075
57271,23.38,0.05,24.11,-0.11,1774656509.518107
57282,23.47,0.06,24.12,-0.126,1774656509.5291085
57293,23.47,0.06,24.13,-0.116,1774656509.540107
57304,23.47,0.06,24.14,-0.115,1774656509.5511072
57315,23.47,0.06,24.16,-0.113,1774656509.5621066
57326,23.47,0.06,24.17,-0.112,1774656509.5731068
57337,23.47,0.06,24.18,-0.11,1774656509.584106
57348,23.47,0.06,24.19,-0.109,1774656509.595107
57359,23.47,0.06,24.2,-0.108,1774656509.606106
57370,23.47,0.06,24.21,-0.106,1774656509.6171055
57381,23.47,0.06,24.22,-0.105,1774656509.6286507
57392,23.47,0.06,24.23,-0.103,1774656509.6397665
57403,23.47,0.06,24.24,-0.102,1774656509.6507647
57414,23.47,0.06,24.25,-0.1,1774656509.6617668
57425,23.47,0.06,24.27,-0.099,1774656509.6727664
57436,23.47,0.06,24.28,-0.097,1774656509.6837683
57447,23.47,0.06,24.29,-0.096,1774656509.6943724
57458,23.54,0.06,24.3,-0.108,1774656509.7053707
57469,23.55,0.06,24.31,-0.104,1774656509.71637
57481,23.55,0.06,24.32,-0.101,1774656509.7275145
57492,23.55,0.06,24.33,-0.1,1774656509.7385159
57503,23.55,0.06,24.34,-0.098,1774656509.7495143
57514,23.55,0.06,24.35,-0.097,1774656509.7605162
57525,23.55,0.06,24.36,-0.095,1774656509.7715147
57536,23.55,0.06,24.38,-0.094,1774656509.7825134
57547,23.55,0.06,24.39,-0.092,1774656509.7935143
57558,23.55,0.06,24.4,-0.091,1774656509.8045115
57569,23.55,0.06,24.41,-0.089,1774656509.8155124
57580,23.55,0.06,24.42,-0.088,1774656509.8265126
57591,23.59,0.06,24.43,-0.093,1774656509.8375137
57602,23.64,0.06,24.44,-0.099,1774656509.8485117
57613,23.64,0.06,24.45,-0.093,1774656509.8595147
57624,23.64,0.06,24.46,-0.091,1774656509.8705125
57635,23.64,0.06,24.47,-0.09,1774656509.881513
57646,23.64,0.06,24.49,-0.088,1774656509.8925138
57657,23.64,0.06,24.5,-0.087,1774656509.9035132
57668,23.64,0.06,24.51,-0.085,1774656509.9145122
57679,23.64,0.06,24.52,-0.084,1774656509.9255126
57690,23.64,0.06,24.53,-0.083,1774656509.936513
57701,23.64,0.06,24.54,-0.081,1774656509.9475136
57712,23.64,0.06,24.55,-0.08,1774656509.958514
57723,23.64,0.06,24.56,-0.078,1774656509.9695127
57734,23.64,0.06,24.57,-0.077,1774656509.9805148
57745,23.64,0.06,24.59,-0.075,1774656509.992513
57756,23.64,0.06,24.6,-0.074,1774656510.0035157
57767,23.73,0.06,24.61,-0.089,1774656510.0135126
57778,23.73,0.06,24.62,-0.08,1774656510.0255141
57789,23.73,0.06,24.63,-0.078,1774656510.0365133
57800,23.73,0.06,24.64,-0.077,1774656510.047514
57811,23.73,0.06,24.65,-0.075,1774656510.058513
57822,23.73,0.06,24.66,-0.074,1774656510.0695136
57833,23.73,0.06,24.67,-0.072,1774656510.0805147
57844,23.73,0.06,24.68,-0.071,1774656510.0915127
57855,23.73,0.06,24.7,-0.069,1774656510.1025133
57866,23.73,0.06,24.71,-0.068,1774656510.113514
57877,23.73,0.06,24.72,-0.066,1774656510.1245139
57888,23.73,0.06,24.73,-0.065,1774656510.135514
57899,23.73,0.06,24.74,-0.063,1774656510.146513
57910,23.81,0.06,24.75,-0.077,1774656510.1575131
57921,23.82,0.06,24.76,-0.071,1774656510.168148
57932,23.82,0.06,24.77,-0.068,1774656510.1791477
57943,23.82,0.06,24.78,-0.067,1774656510.190148
57954,23.82,0.06,24.79,-0.065,1774656510.2011483
57965,23.82,0.06,24.81,-0.064,1774656510.2121477
57976,23.82,0.06,24.82,-0.062,1774656510.2236774
57987,23.82,0.06,24.83,-0.06,1774656510.2346635
57998,23.82,0.06,24.84,-0.059,1774656510.2456636
58009,23.82,0.06,24.85,-0.057,1774656510.2566643
58020,23.82,0.06,24.86,-0.056,1774656510.267664
58031,23.82,0.06,24.87,-0.054,1774656510.2786636
58042,23.82,0.06,24.88,-0.053,1774656510.2896636
58054,22.5,0.03,24.89,0.212,1774656510.3006654
58065,23.39,0.05,24.9,-0.087,1774656510.3116643
58076,24.67,0.08,24.92,-0.258,1774656510.3236642
58087,23.1,0.05,24.93,0.073,1774656510.333666
58098,23.14,0.05,24.94,0.022,1774656510.3446627
58109,23.06,0.05,24.95,0.045,1774656510.355663
58120,23.92,0.07,24.96,-0.133,1774656510.366664
58131,23.39,0.05,24.97,0.055,1774656510.3776634
58142,23.02,0.04,24.98,0.081,1774656510.3886638
58153,24.67,0.08,24.99,-0.25,1774656510.3996627
58164,24.1,0.07,25.0,-0.009,1774656510.4106634
58175,23.04,0.05,25.01,0.149,1774656510.4216638
58186,24.25,0.07,25.03,-0.181,1774656510.4326627
58197,24.94,0.09,25.04,-0.213,1774656510.4441836
58208,23.41,0.05,25.05,0.118,1774656510.454181
58219,23.19,0.05,25.06,0.059,1774656510.4661832
58230,24.51,0.08,25.07,-0.224,1774656510.4771826
58241,24.55,0.08,25.08,-0.105,1774656510.4871805
58252,23.96,0.07,25.09,0.019,1774656510.4991827
58263,24.79,0.09,25.1,-0.203,1774656510.5101829
58274,24.66,0.08,25.11,-0.095,1774656510.5211825
58285,24.77,0.09,25.13,-0.13,1774656510.5317016
58296,25.22,0.1,25.14,-0.208,1774656510.5427015
58307,24.78,0.09,25.15,-0.075,1774656510.5542305
58318,24.0,0.07,25.16,0.04,1774656510.5652747
58329,24.45,0.08,25.17,-0.123,1774656510.5762744
58340,24.18,0.07,25.18,-0.024,1774656510.5872746
58351,25.2,0.1,25.19,-0.253,1774656510.5982761
58362,24.21,0.07,25.2,0.044,1774656510.609275
58373,24.35,0.07,25.21,-0.076,1774656510.6202757
58384,24.8,0.09,25.22,-0.153,1774656510.630788
58395,24.27,0.07,25.24,-0.002,1774656510.6417882
58406,24.4,0.08,25.25,-0.075,1774656510.6527905
58417,25.02,0.09,25.26,-0.188,1774656510.6637897
58428,24.53,0.08,25.27,-0.028,1774656510.674789
58439,24.39,0.08,25.28,-0.046,1774656510.685789
58450,24.38,0.08,25.29,-0.056,1774656510.6973143
58461,24.69,0.08,25.3,-0.118,1774656510.7083132
58472,24.38,0.08,25.31,-0.024,1774656510.719312
58483,24.21,0.07,25.32,-0.019,1774656510.7298276
58494,24.19,0.07,25.33,-0.029,1774656510.7408268
58505,24.37,0.08,25.35,-0.066,1774656510.7518268
58516,24.43,0.08,25.36,-0.059,1774656510.7628279
58527,24.43,0.08,25.37,-0.052,1774656510.7738278
58538,24.43,0.08,25.38,-0.05,1774656510.785484
58549,24.43,0.08,25.39,-0.049,1774656510.7958586
58560,24.43,0.08,25.4,-0.047,1774656510.806859
58571,24.43,0.08,25.41,-0.046,1774656510.8178608
58582,24.43,0.08,25.42,-0.044,1774656510.8288596
58593,24.43,0.08,25.43,-0.043,1774656510.8408606
58604,24.43,0.08,25.44,-0.041,1774656510.8518605
58616,24.43,0.08,25.46,-0.04,1774656510.8628604
58627,24.43,0.08,25.47,-0.038,1774656510.873675
58638,24.43,0.08,25.48,-0.037,1774656510.8848507
58649,24.43,0.08,25.49,-0.035,1774656510.8958514
58660,24.43,0.08,25.5,-0.033,1774656510.9068515
58671,24.43,0.08,25.51,-0.032,1774656510.917851
58682,24.43,0.08,25.52,-0.03,1774656510.9288502
58693,24.43,0.08,25.53,-0.029,1774656510.9398515
58704,24.43,0.08,25.54,-0.027,1774656510.9508507
58715,24.43,0.08,25.55,-0.026,1774656510.9618511
58726,24.43,0.08,25.57,-0.024,1774656510.9728522
58737,24.43,0.08,25.58,-0.023,1774656510.984072
58748,24.51,0.08,25.59,-0.037,1774656510.9943252
58759,24.52,0.08,25.6,-0.029,1774656511.0053225
58770,24.52,0.08,25.61,-0.027,1774656511.016321
58781,24.52,0.08,25.62,-0.026,1774656511.0278373
58792,24.52,0.08,25.63,-0.024,1774656511.0388389
58803,24.52,0.08,25.64,-0.022,1774656511.0498397
58814,24.59,0.08,25.65,-0.035,1774656511.0608392
58825,24.61,0.08,25.67,-0.03,1774656511.0718396
58836,24.61,0.08,25.68,-0.027,1774656511.0828397
58847,24.61,0.08,25.69,-0.025,1774656511.0938404
58858,24.61,0.08,25.7,-0.024,1774656511.104838
58869,24.61,0.08,25.71,-0.022,1774656511.1158388
58880,24.61,0.08,25.72,-0.021,1774656511.126838
58891,24.77,0.08,25.73,-0.051,1774656511.1378384
58902,24.79,0.08,25.74,-0.038,1774656511.148839
58913,24.79,0.08,25.75,-0.035,1774656511.1598375
58924,24.79,0.08,25.76,-0.033,1774656511.1708374
58935,24.79,0.08,25.78,-0.032,1774656511.181837
58946,24.79,0.08,25.79,-0.03,1774656511.192838
58957,24.79,0.08,25.8,-0.029,1774656511.2038383
58968,24.79,0.08,25.81,-0.027,1774656511.2148376
58979,24.79,0.08,25.82,-0.026,1774656511.2258375
58990,24.87,0.09,25.83,-0.041,1774656511.2368402
59001,24.87,0.09,25.84,-0.032,1774656511.2478375
59012,24.87,0.09,25.85,-0.03,1774656511.2588375
59023,24.87,0.09,25.86,-0.029,1774656511.269839
59034,24.87,0.09,25.87,-0.027,1774656511.2808385
59045,24.87,0.09,25.89,-0.026,1774656511.291837
59056,24.87,0.09,25.9,-0.024,1774656511.3028417
59067,24.87,0.09,25.91,-0.023,1774656511.31384
59078,24.95,0.09,25.92,-0.037,1774656511.3248372
59089,25.05,0.09,25.93,-0.047,1774656511.3368394
59100,25.05,0.09,25.94,-0.037,1774656511.3470101
59111,25.05,0.09,25.95,-0.035,1774656511.3580093
59122,25.05,0.09,25.96,-0.034,1774656511.3690116
59133,25.05,0.09,25.97,-0.032,1774656511.3800159
59144,25.05,0.09,25.98,-0.031,1774656511.3910096
59155,25.05,0.09,26.0,-0.029,1774656511.4020107
59166,25.05,0.09,26.01,-0.028,1774656511.414012
59178,25.05,0.09,26.02,-0.026,1774656511.4250112
59189,25.05,0.09,26.03,-0.025,1774656511.4350095
59200,25.14,0.09,26.04,-0.04,1774656511.4460096
59211,25.22,0.09,26.05,-0.048,1774656511.4580107
59222,25.22,0.09,26.06,-0.039,1774656511.4690123
59233,25.22,0.09,26.07,-0.037,1774656511.4800093
59244,25.22,0.09,26.08,-0.036,1774656511.4910107
59255,25.22,0.09,26.09,-0.034,1774656511.5020144
59266,25.22,0.09,26.11,-0.033,1774656511.5130112
59277,25.22,0.09,26.12,-0.031,1774656511.5240114
59288,25.22,0.09,26.13,-0.03,1774656511.5350115
59299,25.22,0.09,26.14,-0.028,1774656511.5460098
59310,25.22,0.09,26.15,-0.027,1774656511.5570178
59321,25.22,0.09,26.16,-0.025,1774656511.5680103
59332,24.01,0.06,26.17,0.22,1774656511.5790167
59343,25.89,0.11,26.18,-0.111,1774656511.5900102
59354,25.87,0.11,26.19,-0.087,1774656511.6007378
59365,26.2,0.12,26.21,-0.152,1774656511.611738
59376,26.09,0.11,26.22,-0.099,1774656511.6228917
59387,25.99,0.11,26.23,-0.087,1774656511.633892
59398,26.27,0.12,26.24,-0.153,1774656511.6448927
59409,26.03,0.11,26.25,-0.076,1774656511.655891
59420,25.98,0.11,26.26,-0.088,1774656511.666891
59431,26.45,0.12,26.27,-0.185,1774656511.6778903
59442,25.67,0.1,26.28,0.017,1774656511.6888907
59453,26.23,0.12,26.29,-0.169,1774656511.6998904
59464,25.91,0.11,26.3,-0.051,1774656511.7108915
59475,25.62,0.1,26.32,-0.02,1774656511.7218928
59486,25.6,0.1,26.33,-0.043,1774656511.7328918
59497,25.66,0.1,26.34,-0.056,1774656511.743893
59508,25.41,0.1,26.35,0.002,1774656511.7548912
59519,25.6,0.1,26.36,-0.059,1774656511.765891
59530,25.61,0.1,26.37,-0.041,1774656511.7768915
59541,25.31,0.09,26.38,0.021,1774656511.7878926
59552,25.77,0.1,26.39,-0.097,1774656511.7988915
59563,25.53,0.1,26.4,-0.005,1774656511.809891
59574,26.02,0.11,26.41,-0.124,1774656511.8208916
59585,25.96,0.11,26.43,-0.065,1774656511.8318913
59596,26.11,0.11,26.44,-0.098,1774656511.8438926
59607,26.45,0.12,26.45,-0.152,1774656511.8538911
59618,25.88,0.11,26.46,-0.004,1774656511.86489
59629,25.88,0.11,26.47,-0.056,1774656511.8758907
59640,25.92,0.11,26.48,-0.064,1774656511.8868904
59651,25.33,0.09,26.49,0.06,1774656511.8978908
59662,26.09,0.11,26.5,-0.146,1774656511.9098914
59673,25.7,0.1,26.51,0.005,1774656511.9208913
59684,26.25,0.12,26.52,-0.141,1774656511.9318912
59695,25.5,0.1,26.54,0.063,1774656511.9428933
59706,25.8,0.1,26.55,-0.066,1774656511.953893
59717,26.12,0.11,26.56,-0.1,1774656511.9648914
59728,26.22,0.11,26.57,-0.089,1774656511.9758923
59739,26.28,0.12,26.58,-0.091,1774656511.9868915
59751,26.45,0.12,26.59,-0.118,1774656511.9978914
59762,26.46,0.12,26.6,-0.101,1774656512.0088923
59773,26.46,0.12,26.61,-0.1,1774656512.0198913
59784,26.46,0.12,26.62,-0.098,1774656512.0308905
59795,26.46,0.12,26.63,-0.097,1774656512.0418913
59806,26.46,0.12,26.65,-0.096,1774656512.0528905
59817,26.46,0.12,26.66,-0.095,1774656512.0638907
59828,26.46,0.12,26.67,-0.094,1774656512.0748906
59839,26.46,0.12,26.68,-0.092,1774656512.0858927
59850,26.46,0.12,26.69,-0.091,1774656512.0968902
59861,26.46,0.12,26.7,-0.09,1774656512.1078916
59872,26.46,0.12,26.71,-0.089,1774656512.118891
59883,26.46,0.12,26.72,-0.087,1774656512.1298916
59894,26.46,0.12,26.73,-0.086,1774656512.1408901
59905,26.46,0.12,26.74,-0.085,1774656512.1518922
59916,26.46,0.12,26.76,-0.084,1774656512.1628919
59927,26.46,0.12,26.77,-0.082,1774656512.1738906
59938,26.46,0.12,26.78,-0.081,1774656512.1848898
59949,26.46,0.12,26.79,-0.08,1774656512.1958916
59960,26.46,0.12,26.8,-0.079,1774656512.2068925
59971,26.46,0.12,26.81,-0.077,1774656512.2178905
59982,26.46,0.12,26.82,-0.076,1774656512.228892
59993,26.46,0.12,26.83,-0.075,1774656512.2398918
60004,26.46,0.12,26.84,-0.074,1774656512.2508917
60015,26.46,0.12,26.86,-0.072,1774656512.2618897
60026,26.46,0.12,26.87,-0.071,1774656512.2728934
60037,26.46,0.12,26.88,-0.07,1774656512.283892
60048,26.46,0.12,26.89,-0.068,1774656512.2948914
60059,26.46,0.12,26.9,-0.067,1774656512.3058908
60070,26.46,0.12,26.91,-0.066,1774656512.3168917
60081,26.46,0.12,26.92,-0.064,1774656512.3278894
60092,26.46,0.12,26.93,-0.063,1774656512.3388898
60103,26.46,0.12,26.94,-0.062,1774656512.3498902
60114,26.52,0.12,26.95,-0.074,1774656512.3608894
60125,26.54,0.12,26.97,-0.07,1774656512.3718941
60136,26.54,0.12,26.98,-0.067,1774656512.3828907
60147,26.54,0.12,26.99,-0.066,1774656512.3938916
60158,26.54,0.12,27.0,-0.065,1774656512.4048905
60169,26.54,0.12,27.01,-0.063,1774656512.4158905
60180,26.54,0.12,27.02,-0.062,1774656512.4268906
60191,26.54,0.12,27.03,-0.061,1774656512.4378903
60202,26.54,0.12,27.04,-0.059,1774656512.4488893
60213,26.54,0.12,27.05,-0.058,1774656512.4598904
60224,26.54,0.12,27.06,-0.057,1774656512.4708896
60235,26.54,0.12,27.08,-0.055,1774656512.4818895
60246,26.54,0.12,27.09,-0.054,1774656512.4928916
60257,26.54,0.12,27.1,-0.053,1774656512.5038912
60268,26.54,0.12,27.11,-0.051,1774656512.5148902
60279,26.63,0.12,27.12,-0.067,1774656512.5258908
60290,26.63,0.12,27.13,-0.058,1774656512.536891
60301,26.63,0.12,27.14,-0.056,1774656512.5478902
60312,26.63,0.12,27.15,-0.055,1774656512.55951
60323,26.63,0.12,27.16,-0.054,1774656512.5705156
60334,26.63,0.12,27.17,-0.052,1774656512.5815125
60346,26.63,0.12,27.19,-0.051,1774656512.592513
60357,26.63,0.12,27.2,-0.05,1774656512.6035132
60368,26.63,0.12,27.21,-0.048,1774656512.6145134
60379,26.63,0.12,27.22,-0.047,1774656512.6258688
60390,26.63,0.12,27.23,-0.046,1774656512.6362147
60401,26.63,0.12,27.24,-0.044,1774656512.6472142
60412,26.63,0.12,27.25,-0.043,1774656512.6582146
60423,26.63,0.12,27.26,-0.042,1774656512.6692169
60434,25.48,0.1,27.27,0.19,1774656512.680214
60445,25.99,0.11,27.28,-0.019,1774656512.691214
60456,27.46,0.14,27.3,-0.263,1774656512.702232
60467,25.96,0.11,27.31,0.068,1774656512.7132304
60478,25.98,0.11,27.32,0.033,1774656512.7242296
60489,26.1,0.11,27.33,0.011,1774656512.735232
60500,26.31,0.12,27.34,-0.016,1774656512.7462304
60511,25.68,0.1,27.35,0.129,1774656512.7572293
60522,26.45,0.12,27.36,-0.081,1774656512.7682297
60533,26.41,0.12,27.37,0.001,1774656512.7792304
60544,26.36,0.12,27.38,0.009,1774656512.790231
60555,25.8,0.1,27.4,0.117,1774656512.8022168
60566,26.38,0.12,27.41,-0.05,1774656512.8122911
60577,26.35,0.12,27.42,0.013,1774656512.8232923
60588,25.41,0.09,27.43,0.2,1774656512.8342922
60599,27.48,0.14,27.44,-0.13,1774656512.8452907
60610,27.24,0.14,27.45,-0.056,1774656512.856292
60621,26.01,0.1,27.46,0.169,1774656512.8682933
60632,26.82,0.12,27.47,-0.108,1774656512.879294
60643,27.39,0.13,27.48,-0.145,1774656512.8902936
60654,25.6,0.09,27.49,0.186,1774656512.9012947
60665,26.14,0.1,27.51,-0.007,1774656512.9122937
60676,27.08,0.12,27.52,-0.142,1774656512.923295
60687,26.16,0.1,27.53,0.131,1774656512.9342933
60698,25.83,0.09,27.54,0.113,1774656512.9448702
60709,27.2,0.13,27.55,-0.191,1774656512.9558733
60720,26.38,0.11,27.56,0.105,1774656512.9668715
60731,25.98,0.1,27.57,0.107,1774656512.9778697
60742,27.26,0.13,27.58,-0.183,1774656512.9888709
60753,26.42,0.11,27.59,0.105,1774656513.0004997
60764,26.17,0.1,27.6,0.079,1774656513.010751
60775,27.64,0.14,27.62,-0.238,1774656513.021752
60786,26.09,0.1,27.63,0.093,1774656513.0327542
60797,25.92,0.1,27.64,0.103,1774656513.043752
60808,27.41,0.13,27.65,-0.211,1774656513.0547526
60819,26.14,0.1,27.66,0.12,1774656513.0657518
60830,26.07,0.1,27.67,0.08,1774656513.0767524
60841,27.69,0.14,27.68,-0.249,1774656513.0877516
60852,26.11,0.1,27.69,0.081,1774656513.0987504
60863,26.14,0.1,27.7,0.068,1774656513.1097522
60874,26.94,0.12,27.71,-0.088,1774656513.1217535
60885,26.57,0.11,27.73,0.065,1774656513.1317506
60896,25.63,0.08,27.74,0.218,1774656513.1437516
60907,27.35,0.12,27.75,-0.112,1774656513.1547525
60919,27.18,0.12,27.76,-0.013,1774656513.1657534
60930,25.86,0.09,27.77,0.236,1774656513.1767538
60941,27.27,0.12,27.78,-0.095,1774656513.187751
60952,27.43,0.12,27.79,-0.067,1774656513.1981394
60963,26.14,0.09,27.8,0.207,1774656513.209135
60974,27.34,0.12,27.81,-0.123,1774656513.2201362
60985,27.27,0.12,27.82,-0.023,1774656513.2311366
60996,25.83,0.09,27.84,0.258,1774656513.2429435
61007,27.32,0.12,27.85,-0.072,1774656513.2539408
61018,27.45,0.12,27.86,-0.057,1774656513.2649415
61029,27.12,0.12,27.87,0.022,1774656513.2759414
61040,26.47,0.1,27.88,0.123,1774656513.286943
61051,27.11,0.12,27.89,-0.065,1774656513.2979426
61062,27.36,0.12,27.9,-0.053,1774656513.3089426
61073,26.28,0.1,27.91,0.188,1774656513.3199427
61084,27.1,0.12,27.92,-0.076,1774656513.330941
61095,27.5,0.13,27.94,-0.079,1774656513.3419418
61106,26.21,0.1,27.95,0.221,1774656513.3529415
61117,27.06,0.12,27.96,-0.071,1774656513.363942
61128,27.36,0.12,27.97,-0.048,1774656513.3749423
61139,26.71,0.11,27.98,0.111,1774656513.3859422
61150,27.18,0.12,27.99,-0.042,1774656513.396941
61161,27.3,0.12,28.0,-0.021,1774656513.407942
61172,26.8,0.11,28.01,0.092,1774656513.4189415
61183,27.61,0.13,28.02,-0.115,1774656513.4299414
61194,27.15,0.12,28.03,0.055,1774656513.440943
61205,26.18,0.09,28.05,0.207,1774656513.4519417
61216,27.27,0.12,28.06,-0.102,1774656513.4629412
61227,27.66,0.13,28.07,-0.075,1774656513.4739473
61238,26.05,0.09,28.08,0.256,1774656513.4849405
61249,27.23,0.12,28.09,-0.074,1774656513.4959426
61260,27.45,0.12,28.1,-0.032,1774656513.506941
61271,27.21,0.11,28.11,0.038,1774656513.5179405
61282,26.94,0.11,28.12,0.072,1774656513.5289412
61293,27.46,0.12,28.13,-0.057,1774656513.5399408
61304,27.39,0.12,28.14,0.007,1774656513.5509408
61315,26.67,0.1,28.16,0.146,1774656513.5619414
61326,27.31,0.12,28.17,-0.048,1774656513.5729423
61337,27.29,0.12,28.18,0.018,1774656513.5839424
61348,27.17,0.11,28.19,0.041,1774656513.5949411
61359,27.67,0.13,28.2,-0.069,1774656513.6059413
61370,27.34,0.12,28.21,0.047,1774656513.6169407
61381,26.99,0.11,28.22,0.087,1774656513.6279418
61392,27.03,0.11,28.23,0.047,1774656513.6389408
61403,26.98,0.11,28.24,0.063,1774656513.649941
61414,26.72,0.1,28.25,0.111,1774656513.6609426
61425,27.07,0.11,28.27,0.018,1774656513.671941
61436,26.97,0.11,28.28,0.073,1774656513.6829417
61447,27.94,0.13,28.29,-0.129,1774656513.6944597
61458,27.11,0.11,28.3,0.132,1774656513.705459
61469,26.84,0.11,28.31,0.108,1774656513.716459
61480,27.88,0.14,28.32,-0.126,1774656513.7274601
61492,27.48,0.13,28.33,0.055,1774656513.738459
61503,25.98,0.09,28.34,0.319,1774656513.7494593
61514,27.12,0.12,28.35,-0.011,1774656513.7604594
61525,29.39,0.18,28.36,-0.342,1774656513.7714593
61536,27.58,0.13,28.38,-0.011,1774656513.7824597
61547,25.66,0.09,28.39,0.32,1774656513.7934616
61558,26.98,0.12,28.4,-0.01,1774656513.8044596
61569,28.57,0.16,28.41,-0.239,1774656513.815459
61580,27.27,0.12,28.42,0.092,1774656513.82746
61591,25.46,0.08,28.43,0.415,1774656513.83746
61602,27.72,0.14,28.44,0.085,1774656513.848462
61613,29.89,0.19,28.45,-0.246,1774656513.8594627
61624,28.62,0.16,28.46,0.037,1774656513.8704605
61635,27.79,0.14,28.48,0.085,1774656513.8814604
61646,28.82,0.16,28.49,-0.199,1774656513.8929818
61657,28.29,0.15,28.5,0.004,1774656513.903982
61668,26.98,0.12,28.51,0.218,1774656513.9149802
61679,27.61,0.13,28.52,-0.03,1774656513.92598
61690,28.56,0.15,28.53,-0.159,1774656513.9369807
61701,27.57,0.13,28.54,0.129,1774656513.9479804
61712,27.23,0.12,28.55,0.106,1774656513.9589808
61723,28.21,0.15,28.56,-0.122,1774656513.9699817
61734,27.95,0.14,28.57,0.026,1774656513.980982
61745,27.36,0.13,28.59,0.12,1774656513.9919813
61756,27.38,0.13,28.6,0.061,1774656514.002982
61767,28.7,0.16,28.61,-0.198,1774656514.013983
61778,27.65,0.12,28.62,0.133,1774656514.0249813
61789,27.22,0.11,28.63,0.126,1774656514.0359807
61800,27.29,0.11,28.64,0.071,1774656514.0469797
61811,28.45,0.14,28.65,-0.15,1774656514.0579789
61822,27.4,0.11,28.66,0.169,1774656514.068979
61833,27.3,0.11,28.67,0.092,1774656514.0799804
61844,28.07,0.13,28.68,-0.071,1774656514.0909784
61855,27.79,0.12,28.7,0.06,1774656514.1019795
61866,27.77,0.12,28.71,0.04,1774656514.1129792
61877,27.06,0.11,28.72,0.181,1774656514.1239793
61888,28.17,0.13,28.73,-0.107,1774656514.1349785
61899,28.59,0.14,28.74,-0.085,1774656514.14598
61910,27.49,0.12,28.75,0.177,1774656514.156978
61921,27.28,0.11,28.76,0.116,1774656514.167978
61932,28.72,0.15,28.77,-0.19,1774656514.1789777
61943,27.8,0.12,28.78,0.132,1774656514.1899776
61954,27.21,0.11,28.79,0.164,1774656514.2009776
61965,28.19,0.13,28.81,-0.085,1774656514.2119777
61976,28.89,0.15,28.82,-0.132,1774656514.2229793
61987,27.16,0.11,28.83,0.199,1774656514.2339776
61998,27.16,0.11,28.84,0.118,1774656514.2449777
62009,28.7,0.14,28.85,-0.188,1774656514.2559779
62020,28.0,0.13,28.86,0.101,1774656514.26698
62031,27.43,0.11,28.87,0.149,1774656514.2779787
62042,27.67,0.12,28.88,0.049,1774656514.2889786
62053,29.23,0.16,28.89,-0.24,1774656514.299978
62064,27.47,0.1,28.9,0.091,1774656514.3109796
62076,27.26,0.1,28.92,0.138,1774656514.3219783
62087,27.35,0.1,28.93,0.103,1774656514.3329794
62098,27.56,0.1,28.94,0.071,1774656514.3439782
62109,27.86,0.11,28.95,0.032,1774656514.3549786
62120,27.54,0.1,28.96,0.127,1774656514.3659806
62131,27.68,0.11,28.97,0.07,1774656514.3769782
62142,28.38,0.12,28.98,-0.056,1774656514.3879786
62153,27.35,0.1,28.99,0.218,1774656514.3989782
62164,27.75,0.11,29.0,0.042,1774656514.4099786
62175,28.61,0.13,29.02,-0.091,1774656514.4209812
62186,28.66,0.13,29.03,-0.017,1774656514.4319782
62197,27.31,0.1,29.04,0.259,1774656514.4429798
62208,28.57,0.13,29.05,-0.072,1774656514.4549813
62219,28.41,0.12,29.06,0.034,1774656514.4659796
62230,28.43,0.13,29.07,0.016,1774656514.4769797
62241,28.54,0.13,29.08,-0.004,1774656514.487981
62252,28.56,0.13,29.09,0.004,1774656514.4989789
62263,28.56,0.13,29.1,0.007,1774656514.5099797
62274,28.56,0.13,29.11,0.009,1774656514.5209808
62285,28.56,0.13,29.13,0.01,1774656514.5319805
62296,28.56,0.13,29.14,0.011,1774656514.5429807
62307,28.56,0.13,29.15,0.013,1774656514.5536828
62318,28.56,0.13,29.16,0.014,1774656514.5646822
62329,28.56,0.13,29.17,0.015,1774656514.575681
62340,28.56,0.13,29.18,0.017,1774656514.5866818
62351,28.56,0.13,29.19,0.018,1774656514.5982015
62362,28.56,0.13,29.2,0.02,1774656514.6092021
62373,28.56,0.13,29.21,0.021,1774656514.6202023
62384,28.56,0.13,29.22,0.022,1774656514.6312025
62395,28.56,0.13,29.24,0.024,1774656514.6422014
62406,28.56,0.13,29.25,0.025,1774656514.6532013
62417,28.56,0.13,29.26,0.026,1774656514.6642013
62428,28.56,0.13,29.27,0.028,1774656514.6752017
62439,28.56,0.13,29.28,0.029,1774656514.6862018
62450,28.56,0.13,29.29,0.031,1774656514.6972005
62461,28.56,0.13,29.3,0.032,1774656514.7082016
62472,28.56,0.13,29.31,0.034,1774656514.719202
62483,28.56,0.13,29.32,0.035,1774656514.730201
62494,28.56,0.13,29.33,0.036,1774656514.7407188
62505,28.56,0.13,29.35,0.038,1774656514.7517202
62516,28.56,0.13,29.36,0.039,1774656514.762719
62527,28.56,0.13,29.37,0.041,1774656514.7737205
62538,28.65,0.13,29.38,0.025,1774656514.7847204
62549,28.65,0.13,29.39,0.034,1774656514.7957187
62560,28.65,0.13,29.4,0.036,1774656514.8067205
62571,28.65,0.13,29.41,0.037,1774656514.8184366
62582,28.65,0.13,29.42,0.039,1774656514.8294342
62593,28.65,0.13,29.43,0.04,1774656514.840434
62604,28.65,0.13,29.44,0.041,1774656514.8514354
62615,28.65,0.13,29.46,0.043,1774656514.8624344
62626,28.65,0.13,29.47,0.044,1774656514.8734365
62637,28.65,0.13,29.48,0.046,1774656514.8844347
62648,28.73,0.13,29.49,0.032,1774656514.8949544
62660,28.74,0.13,29.5,0.038,1774656514.9059522
62671,28.74,0.13,29.51,0.041,1774656514.916953
62682,28.74,0.13,29.52,0.042,1774656514.928952
62693,28.74,0.13,29.53,0.044,1774656514.9389515
62704,28.74,0.13,29.54,0.045,1774656514.9509523
62715,28.74,0.13,29.55,0.047,1774656514.9619539
62726,28.74,0.13,29.57,0.048,1774656514.9729533
62737,28.74,0.13,29.58,0.05,1774656514.9839525
62748,28.74,0.13,29.59,0.051,1774656514.9949527
62759,28.74,0.13,29.6,0.052,1774656515.0055661
62770,28.74,0.13,29.61,0.054,1774656515.0170271
62781,28.83,0.13,29.62,0.038,1774656515.0277514
62792,28.83,0.13,29.63,0.048,1774656515.038752
62803,28.83,0.13,29.64,0.049,1774656515.0497508
62814,28.83,0.13,29.65,0.051,1774656515.0607512
62825,28.83,0.13,29.67,0.052,1774656515.0717518
62836,28.83,0.13,29.68,0.053,1774656515.0827513
62847,28.83,0.13,29.69,0.055,1774656515.0937557
62858,28.83,0.13,29.7,0.056,1774656515.1047513
62869,28.83,0.13,29.71,0.058,1774656515.1157513
62880,28.83,0.13,29.72,0.059,1774656515.126753
62891,28.86,0.13,29.73,0.054,1774656515.1377513
62902,28.92,0.13,29.74,0.048,1774656515.1487505
62913,28.92,0.13,29.75,0.054,1774656515.1597514
62924,28.92,0.13,29.76,0.056,1774656515.170751
62935,28.92,0.13,29.78,0.057,1774656515.181749
62946,28.92,0.13,29.79,0.059,1774656515.1927495
62957,28.92,0.13,29.8,0.06,1774656515.2037504
62968,28.92,0.13,29.81,0.062,1774656515.2151277
62979,28.92,0.13,29.82,0.063,1774656515.225723
62990,28.92,0.13,29.83,0.065,1774656515.236725
63001,28.92,0.13,29.84,0.066,1774656515.247722
63012,28.92,0.13,29.85,0.068,1774656515.2587225
63023,29.0,0.14,29.86,0.052,1774656515.2697232
63034,29.0,0.14,29.87,0.061,1774656515.2807224
63045,29.0,0.14,29.89,0.063,1774656515.291722
63056,29.0,0.14,29.9,0.064,1774656515.3027236
63067,29.0,0.14,29.91,0.066,1774656515.3137226
63078,29.0,0.14,29.92,0.067,1774656515.3247232
63089,29.0,0.14,29.93,0.069,1774656515.3357232
63100,29.0,0.14,29.94,0.07,1774656515.3472424
63111,29.0,0.14,29.95,0.072,1774656515.3582428
63122,29.09,0.14,29.96,0.056,1774656515.3692439
63133,29.09,0.14,29.97,0.065,1774656515.3802433
63144,29.09,0.14,29.98,0.067,1774656515.391242
63155,29.09,0.14,30.0,0.069,1774656515.401761
63166,29.09,0.14,30.01,0.07,1774656515.4127605
63177,29.09,0.14,30.02,0.072,1774656515.4237607
63188,29.09,0.14,30.03,0.073,1774656515.435764
63199,29.09,0.14,30.04,0.075,1774656515.4467628
63210,29.09,0.14,30.05,0.076,1774656515.4577618
63221,29.18,0.14,30.06,0.06,1774656515.4687626
63233,29.18,0.14,30.07,0.07,1774656515.4797623
63244,29.18,0.14,30.08,0.071,1774656515.4907618
63255,29.18,0.14,30.09,0.073,1774656515.5017617
63266,29.18,0.14,30.11,0.074,1774656515.5127635
63277,29.18,0.14,30.12,0.076,1774656515.5237608
63288,29.18,0.14,30.13,0.077,1774656515.534761
63299,29.18,0.14,30.14,0.079,1774656515.5457618
63310,29.18,0.14,30.15,0.08,1774656515.5567596
63321,29.27,0.14,30.16,0.065,1774656515.567763
63332,29.27,0.14,30.17,0.074,1774656515.578762
63343,29.27,0.14,30.18,0.075,1774656515.5897646
63354,29.27,0.14,30.19,0.077,1774656515.6002805
63365,29.27,0.14,30.21,0.078,1774656515.6112804
63376,29.27,0.14,30.22,0.08,1774656515.6222825
63387,29.27,0.14,30.23,0.081,1774656515.6332831
63398,29.27,0.14,30.24,0.083,1774656515.6442819
63409,29.27,0.14,30.25,0.084,1774656515.6552823
63420,29.3,0.14,30.26,0.079,1774656515.6662843
63431,29.36,0.14,30.27,0.073,1774656515.6782837
63442,29.36,0.14,30.28,0.08,1774656515.6892807
63453,29.36,0.14,30.29,0.081,1774656515.700282
63464,29.36,0.14,30.3,0.083,1774656515.711282
63475,29.36,0.14,30.32,0.084,1774656515.722282
63486,29.36,0.14,30.33,0.086,1774656515.7332833
63497,29.36,0.14,30.34,0.087,1774656515.7438064
63508,29.36,0.14,30.35,0.089,1774656515.7548056
63519,29.36,0.14,30.36,0.09,1774656515.7658045
63530,29.44,0.14,30.37,0.075,1774656515.776805
63541,29.44,0.14,30.38,0.084,1774656515.7878046
63552,29.44,0.14,30.39,0.086,1774656515.7988043
63563,29.44,0.14,30.4,0.087,1774656515.8098056
63574,29.44,0.14,30.41,0.089,1774656515.8208053
63585,29.44,0.14,30.43,0.09,1774656515.8318062
63596,29.44,0.14,30.44,0.092,1774656515.8428032
63607,29.44,0.14,30.45,0.093,1774656515.8542504
63618,29.44,0.14,30.46,0.095,1774656515.865462
63629,28.14,0.11,30.47,0.358,1774656515.8754468
63640,29.51,0.15,30.48,0.027,1774656515.8864493
63651,30.26,0.16,30.49,-0.057,1774656515.8974679
63662,28.87,0.13,30.5,0.274,1774656515.9094708
63673,29.62,0.15,30.51,0.013,1774656515.9204688
63684,30.02,0.16,30.52,0.005,1774656515.9314752
63695,28.69,0.13,30.54,0.312,1774656515.941996
63706,30.1,0.16,30.55,-0.018,1774656515.9529977
63717,30.41,0.17,30.56,-0.021,1774656515.9639964
63728,29.18,0.14,30.57,0.255,1774656515.9749966
63739,30.06,0.16,30.58,-0.036,1774656515.9859986
63750,30.15,0.16,30.59,0.031,1774656515.9969976
63761,28.43,0.12,30.6,0.362,1774656516.0079963
63772,30.11,0.16,30.61,0.032,1774656516.019999
63783,30.33,0.16,30.62,0.004,1774656516.0299957
63795,28.58,0.12,30.63,0.336,1774656516.0409956
63806,30.15,0.16,30.65,0.005,1774656516.051997
63817,30.17,0.16,30.66,0.044,1774656516.0629973
63828,28.74,0.13,30.67,0.334,1774656516.0739965
63839,30.03,0.16,30.68,0.004,1774656516.0849955
63850,30.1,0.16,30.69,0.052,1774656516.0959957
63861,28.7,0.12,30.7,0.34,1774656516.1069963
63872,30.17,0.16,30.71,0.01,1774656516.1179965
63883,29.97,0.15,30.72,0.097,1774656516.1289973
63894,29.03,0.13,30.73,0.266,1774656516.139996
63905,30.48,0.17,30.75,-0.065,1774656516.1515145
63916,30.05,0.16,30.76,0.114,1774656516.1625154
63927,28.47,0.12,30.77,0.392,1774656516.173516
63938,29.95,0.15,30.78,0.062,1774656516.1845155
63949,30.18,0.16,30.79,0.043,1774656516.1955292
63960,29.0,0.13,30.8,0.303,1774656516.2065294
63971,29.97,0.15,30.81,-0.002,1774656516.2175298
63982,29.99,0.15,30.82,0.089,1774656516.228529
63993,29.03,0.13,30.83,0.283,1774656516.2399557
64004,30.12,0.16,30.84,-0.024,1774656516.2509565
64015,30.41,0.16,30.86,0.024,1774656516.2619548
64026,28.43,0.12,30.87,0.355,1774656516.2729552
64037,30.2,0.16,30.88,0.026,1774656516.2839627
64048,30.29,0.16,30.89,0.059,1774656516.2949572
64059,28.97,0.13,30.9,0.334,1774656516.3059552
64070,29.94,0.15,30.91,0.016,1774656516.3169558
64081,30.0,0.16,30.92,0.098,1774656516.327956
64092,29.12,0.14,30.93,0.28,1774656516.338956
64103,30.17,0.16,30.94,-0.01,1774656516.3499544
64114,30.14,0.16,30.95,0.096,1774656516.3609562
64125,29.0,0.13,30.97,0.322,1774656516.3719578
64136,30.17,0.16,30.98,-0.008,1774656516.382956
64147,30.31,0.16,30.99,0.066,1774656516.3939576
64158,28.68,0.12,31.0,0.398,1774656516.404956
64169,30.33,0.16,31.01,0.068,1774656516.4159553
64180,30.32,0.16,31.02,0.085,1774656516.4269557
64191,29.41,0.14,31.03,0.269,1774656516.4379551
64202,30.02,0.16,31.04,0.061,1774656516.4484744
64213,30.0,0.16,31.05,0.124,1774656516.4594734
64224,30.05,0.16,31.06,0.114,1774656516.470474
64235,29.66,0.15,31.08,0.199,1774656516.481473
64246,29.72,0.15,31.09,0.15,1774656516.4924731
64257,30.02,0.16,31.1,0.099,1774656516.5044744
64268,29.56,0.15,31.11,0.221,1774656516.515473
64279,30.19,0.16,31.12,0.054,1774656516.526475
64290,30.48,0.17,31.13,0.056,1774656516.5374749
64301,29.98,0.16,31.14,0.185,1774656516.5484746
64312,29.98,0.16,31.15,0.139,1774656516.5590603
64323,30.09,0.16,31.16,0.118,1774656516.5700433
64334,29.63,0.15,31.17,0.224,1774656516.582043
64345,30.24,0.16,31.19,0.059,1774656516.592043
64356,30.48,0.17,31.2,0.07,1774656516.6030428
64368,30.06,0.16,31.21,0.177,1774656516.6140418
64379,29.97,0.16,31.22,0.159,1774656516.6250434
64390,30.11,0.16,31.23,0.123,1774656516.6360416
64401,29.77,0.15,31.24,0.207,1774656516.647043
64412,30.09,0.16,31.25,0.11,1774656516.6580453
64423,29.82,0.15,31.26,0.199,1774656516.6690435
64434,29.95,0.16,31.27,0.147,1774656516.6800416
64445,30.17,0.16,31.29,0.117,1774656516.691044
64456,29.63,0.15,31.3,0.248,1774656516.7020435
64467,30.39,0.17,31.31,0.047,1774656516.7130437
64478,30.18,0.16,31.32,0.161,1774656516.7240422
64489,30.43,0.17,31.33,0.095,1774656516.7350428
64500,29.88,0.15,31.34,0.229,1774656516.7465618
64511,30.09,0.16,31.35,0.137,1774656516.7575617
64522,30.24,0.16,31.36,0.127,1774656516.7685614
64533,29.62,0.15,31.37,0.267,1774656516.779562
64544,30.64,0.17,31.38,0.007,1774656516.790561
64555,30.27,0.16,31.4,0.179,1774656516.8025632
64566,30.15,0.16,31.41,0.169,1774656516.812562
64577,30.39,0.17,31.42,0.111,1774656516.823794
64588,30.13,0.16,31.43,0.188,1774656516.8345819
64599,29.97,0.16,31.44,0.198,1774656516.845583
64610,30.31,0.16,31.45,0.114,1774656516.8565812
64621,29.74,0.15,31.46,0.264,1774656516.8675823
64632,30.4,0.17,31.47,0.078,1774656516.8785818
64643,29.9,0.15,31.48,0.244,1774656516.890101
64654,30.1,0.16,31.49,0.158,1774656516.9011016
64665,30.4,0.17,31.51,0.118,1774656516.9121006
64676,29.58,0.15,31.52,0.312,1774656516.9231021
64687,29.9,0.16,31.53,0.172,1774656516.9336402
64698,30.15,0.16,31.54,0.154,1774656516.94462
64709,29.81,0.15,31.55,0.249,1774656516.95562
64720,30.21,0.16,31.56,0.136,1774656516.966618
64731,30.2,0.16,31.57,0.179,1774656516.9776177
64742,29.93,0.16,31.58,0.234,1774656516.9886174
64753,30.63,0.17,31.59,0.07,1774656516.9996173
