esp_ms,pos_deg,vel_deg_s,target_deg,vq,os_time
834352,359.16,0.15,359.87,0.175,1774656219.055595
834363,359.6,0.16,359.88,-0.017,1774656219.056597
834374,0.59,0.18,359.89,-0.171,1774656219.056597
834385,359.48,0.16,359.9,0.146,1774656219.056597
834396,359.16,0.15,359.91,0.105,1774656219.057597
834407,0.63,0.18,359.92,-0.218,1774656219.057597
834418,359.61,0.16,359.93,0.113,1774656219.0585968
834429,359.32,0.15,359.94,0.088,1774656219.0585968
834440,0.56,0.18,359.96,-0.185,1774656219.059599
834451,359.43,0.16,359.97,0.145,1774656219.059599
834462,359.07,0.15,359.98,0.126,1774656219.0605972
834473,0.7,0.19,359.99,-0.205,1774656219.069597
834484,359.37,0.16,360.0,0.126,1774656219.0805964
834495,359.42,0.16,0.01,0.054,1774656219.0915954
834506,1.1,0.2,0.02,-0.277,1774656219.10271
834517,359.21,0.14,0.03,0.054,1774656219.1137102
834528,359.14,0.13,0.04,0.097,1774656219.12471
834539,359.85,0.15,0.05,-0.049,1774656219.1357086
834550,0.72,0.17,0.07,-0.156,1774656219.1462784
834561,359.38,0.14,0.08,0.175,1774656219.1572785
834572,359.57,0.14,0.09,0.033,1774656219.1682785
834583,0.57,0.17,0.1,-0.148,1774656219.179278
834594,359.58,0.14,0.11,0.146,1774656219.1902783
834605,359.37,0.14,0.12,0.094,1774656219.2022536
834616,0.58,0.17,0.13,-0.165,1774656219.21225
834627,359.35,0.14,0.14,0.166,1774656219.2232535
834638,359.2,0.14,0.15,0.111,1774656219.2352543
834649,0.88,0.18,0.16,-0.22,1774656219.2462528
834660,359.64,0.15,0.18,0.11,1774656219.2572532
834671,359.24,0.14,0.19,0.134,1774656219.2682543
834682,0.39,0.16,0.2,-0.134,1774656219.2792528
834693,0.26,0.16,0.21,0.004,1774656219.2902534
834704,359.59,0.14,0.22,0.126,1774656219.3012528
834715,0.74,0.17,0.23,-0.166,1774656219.3122518
834726,359.87,0.15,0.24,0.119,1774656219.323254
834737,359.28,0.14,0.25,0.154,1774656219.3342535
834748,0.78,0.17,0.26,-0.176,1774656219.3452532
834759,359.86,0.15,0.27,0.129,1774656219.3562524
834770,359.31,0.14,0.29,0.152,1774656219.367253
834781,0.84,0.17,0.3,-0.179,1774656219.378253
834792,359.88,0.15,0.31,0.133,1774656219.3892534
834804,359.31,0.14,0.32,0.158,1774656219.4001317
834815,0.92,0.17,0.33,-0.173,1774656219.4111326
834826,359.99,0.15,0.34,0.123,1774656219.4221313
834837,359.32,0.14,0.35,0.17,1774656219.433131
834848,0.91,0.17,0.36,-0.161,1774656219.4442842
834859,0.19,0.16,0.37,0.087,1774656219.4552853
834870,359.19,0.13,0.39,0.22,1774656219.466285
834881,0.48,0.16,0.4,-0.111,1774656219.4772842
834892,0.77,0.17,0.41,-0.066,1774656219.4882867
834903,359.41,0.14,0.42,0.234,1774656219.4992843
834914,0.38,0.16,0.43,-0.087,1774656219.5102427
834925,0.32,0.16,0.44,0.017,1774656219.5212426
834936,359.25,0.13,0.45,0.228,1774656219.5322416
834947,0.75,0.17,0.46,-0.103,1774656219.5432427
834958,0.82,0.17,0.47,-0.042,1774656219.5542426
834969,359.7,0.14,0.48,0.187,1774656219.5652428
834980,0.37,0.16,0.5,-0.05,1774656219.576243
834991,0.85,0.17,0.51,-0.083,1774656219.5872407
835002,358.92,0.13,0.52,0.249,1774656219.5982418
835013,0.54,0.16,0.53,-0.082,1774656219.6092422
835024,0.41,0.16,0.54,0.025,1774656219.6202419
835035,359.33,0.14,0.55,0.231,1774656219.631242
835046,0.87,0.17,0.56,-0.099,1774656219.6422431
835057,0.86,0.17,0.57,-0.028,1774656219.6532416
835068,359.78,0.15,0.58,0.186,1774656219.6642432
835079,0.51,0.16,0.59,-0.06,1774656219.6752405
835090,0.78,0.17,0.61,-0.044,1774656219.6862433
835101,359.13,0.13,0.62,0.288,1774656219.6972435
835112,0.83,0.17,0.63,-0.043,1774656219.7082434
835123,0.91,0.17,0.64,-0.035,1774656219.719241
835134,359.26,0.14,0.65,0.296,1774656219.7302415
835145,0.29,0.16,0.66,-0.034,1774656219.7422454
835156,0.67,0.17,0.67,-0.034,1774656219.752825
835167,359.32,0.14,0.68,0.274,1774656219.7638242
835178,0.64,0.17,0.69,-0.057,1774656219.7751439
835189,0.76,0.17,0.7,-0.014,1774656219.786045
835200,359.34,0.14,0.72,0.282,1774656219.7970462
835211,0.47,0.16,0.73,-0.048,1774656219.8080468
835222,0.83,0.17,0.74,-0.041,1774656219.8190453
835233,359.14,0.13,0.75,0.291,1774656219.8300464
835244,0.77,0.17,0.76,-0.039,1774656219.8410459
835255,0.66,0.17,0.77,0.025,1774656219.8520458
835266,359.8,0.15,0.78,0.19,1774656219.863047
835277,0.67,0.17,0.79,-0.065,1774656219.8740458
835288,0.59,0.17,0.8,0.036,1774656219.885046
835299,359.61,0.14,0.81,0.224,1774656219.8955991
835310,0.97,0.18,0.83,-0.107,1774656219.9065974
835321,0.81,0.17,0.84,0.023,1774656219.9175968
835332,358.88,0.13,0.85,0.355,1774656219.9285998
835343,0.76,0.17,0.86,0.025,1774656219.9395988
835354,0.72,0.17,0.87,0.026,1774656219.9513555
835365,0.35,0.16,0.88,0.098,1774656219.9617238
835377,0.55,0.16,0.89,0.022,1774656219.9727213
835388,0.13,0.15,0.9,0.127,1774656219.9837213
835399,0.74,0.17,0.91,-0.032,1774656219.994722
835410,0.85,0.17,0.92,0.004,1774656220.0057225
835421,0.27,0.16,0.94,0.133,1774656220.0167222
835432,0.52,0.16,0.95,0.029,1774656220.0277226
835443,0.72,0.17,0.96,0.013,1774656220.0387216
835454,0.8,0.17,0.97,0.018,1774656220.0497239
835465,0.87,0.17,0.98,0.013,1774656220.0607219
835476,0.88,0.17,0.99,0.018,1774656220.071723
835487,0.88,0.17,1.0,0.021,1774656220.0837243
835498,0.88,0.17,1.01,0.022,1774656220.0947227
835509,0.88,0.17,1.02,0.023,1774656220.105723
835520,0.88,0.17,1.04,0.024,1774656220.116725
835531,0.88,0.17,1.05,0.025,1774656220.1271179
835542,0.88,0.17,1.06,0.026,1774656220.1381178
835553,0.88,0.17,1.07,0.028,1774656220.1493897
835564,0.88,0.17,1.08,0.029,1774656220.160139
835575,0.88,0.17,1.09,0.03,1774656220.1711383
835586,0.88,0.17,1.1,0.031,1774656220.1821387
835597,0.88,0.17,1.11,0.033,1774656220.1931396
835608,0.88,0.17,1.12,0.034,1774656220.2041385
835619,0.88,0.17,1.13,0.035,1774656220.2151382
835630,0.88,0.17,1.15,0.036,1774656220.2261388
835641,0.88,0.17,1.16,0.038,1774656220.2371373
835652,0.88,0.17,1.17,0.039,1774656220.2481375
835663,0.88,0.17,1.18,0.04,1774656220.2591388
835674,0.88,0.17,1.19,0.041,1774656220.2701387
835685,0.88,0.17,1.2,0.043,1774656220.2811384
835696,0.88,0.17,1.21,0.044,1774656220.29214
835707,0.88,0.17,1.22,0.045,1774656220.3031378
835718,0.88,0.17,1.23,0.046,1774656220.3151407
835729,0.88,0.17,1.24,0.048,1774656220.326139
835740,0.88,0.17,1.26,0.049,1774656220.3361382
835751,0.88,0.17,1.27,0.05,1774656220.347708
835762,0.97,0.17,1.28,0.034,1774656220.358709
835773,0.97,0.17,1.29,0.043,1774656220.369707
835784,0.97,0.17,1.3,0.045,1774656220.380707
835795,0.97,0.17,1.31,0.046,1774656220.3917062
835806,0.97,0.17,1.32,0.047,1774656220.4027064
835817,0.97,0.17,1.33,0.049,1774656220.4137082
835828,0.97,0.17,1.34,0.05,1774656220.4247072
835839,0.97,0.17,1.35,0.051,1774656220.4357064
835850,0.97,0.17,1.37,0.052,1774656220.4472156
835861,0.97,0.17,1.38,0.054,1774656220.4581132
835872,0.97,0.17,1.39,0.055,1774656220.468772
835883,0.97,0.17,1.4,0.056,1774656220.4797678
835894,0.97,0.17,1.41,0.058,1774656220.490768
835905,0.97,0.17,1.42,0.059,1774656220.501768
835916,0.97,0.17,1.43,0.06,1774656220.512768
835927,0.97,0.17,1.44,0.061,1774656220.5237677
835938,0.97,0.17,1.45,0.063,1774656220.534768
835949,1.05,0.17,1.46,0.047,1774656220.5457678
835961,1.05,0.17,1.48,0.056,1774656220.5567672
835972,1.05,0.17,1.49,0.057,1774656220.5677676
835983,1.05,0.17,1.5,0.059,1774656220.5787685
835994,1.05,0.17,1.51,0.06,1774656220.5897691
836005,1.05,0.17,1.52,0.061,1774656220.6007679
836016,1.05,0.17,1.53,0.063,1774656220.6117675
836027,1.05,0.17,1.54,0.064,1774656220.6227677
836038,1.05,0.17,1.55,0.065,1774656220.6337674
836049,1.05,0.17,1.56,0.067,1774656220.6447678
836060,1.05,0.17,1.58,0.068,1774656220.655767
836071,1.05,0.17,1.59,0.069,1774656220.666767
836082,1.05,0.17,1.6,0.071,1774656220.677769
836093,1.05,0.17,1.61,0.072,1774656220.688769
836104,1.05,0.17,1.62,0.073,1774656220.7007704
836115,1.05,0.17,1.63,0.075,1774656220.7117708
836126,1.12,0.17,1.64,0.062,1774656220.72277
836137,1.14,0.17,1.65,0.066,1774656220.73377
836148,1.14,0.17,1.66,0.07,1774656220.7447674
836159,1.14,0.17,1.67,0.071,1774656220.7557707
836170,1.14,0.17,1.69,0.072,1774656220.7667701
836181,1.14,0.17,1.7,0.074,1774656220.7777715
836192,1.14,0.17,1.71,0.075,1774656220.7887714
836203,1.14,0.17,1.72,0.076,1774656220.7997706
836214,1.14,0.17,1.73,0.078,1774656220.8107693
836225,1.14,0.17,1.74,0.079,1774656220.8217697
836236,1.14,0.17,1.75,0.08,1774656220.832942
836247,1.14,0.17,1.76,0.082,1774656220.8434968
836258,1.14,0.17,1.77,0.083,1774656220.85449
836269,1.14,0.17,1.78,0.084,1774656220.8654902
836280,1.14,0.17,1.8,0.086,1774656220.8764908
836291,1.23,0.17,1.81,0.07,1774656220.8874893
836302,1.23,0.17,1.82,0.079,1774656220.8984902
836313,1.23,0.17,1.83,0.081,1774656220.9094918
836324,1.23,0.17,1.84,0.082,1774656220.92049
836335,1.23,0.17,1.85,0.083,1774656220.9314895
836346,1.23,0.17,1.86,0.085,1774656220.9424906
836357,1.23,0.17,1.87,0.086,1774656220.9535017
836368,1.23,0.17,1.88,0.088,1774656220.9645016
836379,1.23,0.17,1.89,0.089,1774656220.9755018
836390,1.23,0.17,1.91,0.09,1774656220.9865012
836401,1.23,0.17,1.92,0.092,1774656220.9975016
836412,1.23,0.17,1.93,0.093,1774656221.0085013
836423,1.23,0.17,1.94,0.095,1774656221.0195022
836434,1.23,0.17,1.95,0.096,1774656221.0305016
836445,1.29,0.18,1.96,0.086,1774656221.042503
836456,1.32,0.18,1.97,0.087,1774656221.0525029
836467,1.32,0.18,1.98,0.091,1774656221.0635026
836478,1.32,0.18,1.99,0.092,1774656221.075503
836489,1.32,0.18,2.0,0.094,1774656221.0855024
836500,1.32,0.18,2.02,0.095,1774656221.0970826
836511,1.32,0.18,2.03,0.097,1774656221.1080837
836522,1.32,0.18,2.04,0.098,1774656221.1190815
836533,1.32,0.18,2.05,0.099,1774656221.1300817
836545,1.32,0.18,2.06,0.101,1774656221.1410816
836556,1.32,0.18,2.07,0.102,1774656221.1520832
836567,1.32,0.18,2.08,0.104,1774656221.163081
836578,1.32,0.18,2.09,0.105,1774656221.1740816
836589,1.32,0.18,2.1,0.106,1774656221.1850808
836600,0.0,0.14,2.12,0.371,1774656221.196082
836611,0.91,0.17,2.13,0.068,1774656221.2076457
836622,0.91,0.17,2.14,0.154,1774656221.2186456
836633,0.38,0.15,2.15,0.263,1774656221.2296436
836644,0.86,0.16,2.16,0.117,1774656221.2406435
836655,0.55,0.16,2.17,0.226,1774656221.2516444
836666,0.47,0.16,2.18,0.215,1774656221.2626438
836677,0.95,0.17,2.19,0.114,1774656221.273644
836688,0.92,0.17,2.2,0.167,1774656221.284644
836699,1.2,0.17,2.21,0.11,1774656221.295644
836710,0.59,0.16,2.23,0.258,1774656221.3066432
836721,0.61,0.16,2.24,0.2,1774656221.3176463
836732,1.13,0.17,2.25,0.098,1774656221.328643
836743,0.92,0.17,2.26,0.192,1774656221.3396447
836754,0.45,0.15,2.27,0.267,1774656221.3506446
836765,1.04,0.17,2.28,0.108,1774656221.3616438
836776,0.8,0.16,2.29,0.212,1774656221.3726432
836787,0.75,0.16,2.3,0.202,1774656221.3836436
836798,0.78,0.16,2.31,0.192,1774656221.3946445
836809,0.54,0.16,2.32,0.246,1774656221.4056437
836820,0.7,0.16,2.34,0.193,1774656221.416643
836831,0.72,0.16,2.35,0.205,1774656221.4276435
836842,0.44,0.15,2.36,0.264,1774656221.4386446
836853,0.86,0.16,2.37,0.156,1774656221.4498281
836864,0.52,0.16,2.38,0.266,1774656221.4608262
836875,0.65,0.16,2.39,0.209,1774656221.4718275
836886,1.19,0.17,2.4,0.116,1774656221.4828274
836897,0.88,0.16,2.41,0.229,1774656221.4938269
836908,0.52,0.16,2.42,0.275,1774656221.5048275
836919,1.29,0.17,2.43,0.088,1774656221.5158267
836930,0.66,0.16,2.45,0.288,1774656221.526617
836941,0.59,0.16,2.46,0.246,1774656221.5376153
836952,0.44,0.15,2.47,0.27,1774656221.5486157
836963,0.01,0.14,2.48,0.343,1774656221.559616
836974,0.54,0.16,2.49,0.199,1774656221.5706182
836985,0.73,0.16,2.5,0.213,1774656221.581616
836996,0.71,0.16,2.51,0.238,1774656221.5926168
837007,1.1,0.17,2.52,0.159,1774656221.6036158
837018,0.76,0.16,2.53,0.266,1774656221.614616
837029,0.97,0.17,2.54,0.193,1774656221.6256175
837040,0.78,0.16,2.56,0.253,1774656221.6366162
837051,0.92,0.16,2.57,0.209,1774656221.6476169
837062,1.23,0.17,2.58,0.162,1774656221.6586163
837073,0.67,0.16,2.59,0.305,1774656221.669616
837084,0.5,0.15,2.6,0.287,1774656221.6806164
837095,0.7,0.16,2.61,0.234,1774656221.691617
837106,0.08,0.14,2.62,0.379,1774656221.7026162
837117,0.84,0.16,2.63,0.169,1774656221.7136157
837129,0.65,0.15,2.64,0.282,1774656221.7256167
837140,0.9,0.16,2.65,0.215,1774656221.7356162
837151,0.35,0.15,2.67,0.351,1774656221.747199
837162,0.51,0.15,2.68,0.27,1774656221.758201
837173,1.1,0.16,2.69,0.168,1774656221.7691984
837184,0.9,0.16,2.7,0.265,1774656221.7804396
837195,1.14,0.16,2.71,0.2,1774656221.7910519
837206,0.13,0.14,2.72,0.426,1774656221.8020508
837217,1.14,0.16,2.73,0.131,1774656221.8130517
837228,1.32,0.17,2.74,0.193,1774656221.8240497
837239,0.3,0.14,2.75,0.416,1774656221.8350503
837250,1.44,0.17,2.77,0.092,1774656221.8460503
837261,1.45,0.17,2.78,0.2,1774656221.8570619
837272,0.04,0.14,2.79,0.486,1774656221.868062
837283,1.57,0.17,2.8,0.157,1774656221.8790622
837294,2.23,0.19,2.81,0.063,1774656221.8900645
837305,0.77,0.16,2.82,0.394,1774656221.9010646
837316,0.68,0.15,2.83,0.3,1774656221.9120631
837327,1.67,0.18,2.84,0.095,1774656221.923062
837338,0.74,0.15,2.85,0.377,1774656221.934064
837349,0.51,0.15,2.86,0.337,1774656221.9450645
837360,1.71,0.18,2.88,0.078,1774656221.9569213
837371,0.95,0.16,2.89,0.344,1774656221.9670393
837382,0.44,0.15,2.9,0.377,1774656221.9780407
837393,1.75,0.18,2.91,0.068,1774656221.9900422
837404,1.41,0.17,2.92,0.261,1774656222.0000415
837415,0.32,0.14,2.93,0.449,1774656222.0120435
837426,1.67,0.17,2.94,0.119,1774656222.0220418
837437,1.84,0.17,2.95,0.173,1774656222.0330398
837448,0.91,0.15,2.96,0.378,1774656222.045042
837459,1.08,0.15,2.97,0.257,1774656222.0560424
837470,1.96,0.18,2.99,0.099,1774656222.0670419
837481,0.73,0.15,3.0,0.431,1774656222.078042
837492,1.01,0.15,3.01,0.259,1774656222.0890422
837503,2.09,0.18,3.02,0.072,1774656222.099605
837514,0.95,0.15,3.03,0.403,1774656222.1106093
837525,0.54,0.14,3.04,0.379,1774656222.1216047
837536,1.97,0.18,3.05,0.056,1774656222.1323903
837547,1.87,0.17,3.06,0.214,1774656222.1433907
837558,0.22,0.13,3.07,0.537,1774656222.1543908
837569,2.02,0.18,3.08,0.207,1774656222.165392
837580,2.6,0.19,3.1,0.079,1774656222.1763914
837591,1.89,0.17,3.11,0.278,1774656222.1873899
837602,0.66,0.14,3.12,0.458,1774656222.1983907
837613,2.3,0.18,3.13,0.128,1774656222.209391
837624,1.98,0.18,3.14,0.237,1774656222.2203908
837635,1.83,0.17,3.15,0.237,1774656222.232393
837646,1.58,0.17,3.16,0.275,1774656222.2431822
837657,2.02,0.18,3.17,0.165,1774656222.2541811
837668,1.61,0.17,3.18,0.29,1774656222.2651823
837679,1.38,0.16,3.19,0.3,1774656222.2761824
837690,2.42,0.19,3.21,0.07,1774656222.287181
837701,0.79,0.14,3.22,0.402,1774656222.2981815
837713,0.96,0.14,3.23,0.311,1774656222.3091078
837724,2.26,0.17,3.24,0.067,1774656222.3200977
837735,1.37,0.15,3.25,0.371,1774656222.3310976
837746,0.66,0.13,3.26,0.431,1774656222.3420978
837757,1.98,0.16,3.27,0.102,1774656222.352673
837768,2.24,0.17,3.28,0.177,1774656222.3636727
837779,0.68,0.13,3.29,0.508,1774656222.375676
837790,1.9,0.16,3.31,0.179,1774656222.3856738
837801,1.94,0.16,3.32,0.235,1774656222.3966742
837812,1.78,0.16,3.33,0.271,1774656222.4086766
837823,2.71,0.18,3.34,0.072,1774656222.4186728
837834,1.6,0.15,3.35,0.385,1774656222.4306748
837845,0.96,0.14,3.36,0.408,1774656222.4416754
837856,1.94,0.16,3.37,0.154,1774656222.4518187
837867,1.77,0.16,3.38,0.282,1774656222.4634418
837878,2.45,0.17,3.39,0.132,1774656222.4744396
837889,1.91,0.16,3.4,0.307,1774656222.485443
837900,1.3,0.15,3.42,0.379,1774656222.4964397
837911,2.04,0.16,3.43,0.175,1774656222.5074403
837922,1.94,0.16,3.44,0.267,1774656222.5184388
837933,1.6,0.15,3.45,0.326,1774656222.5294378
837944,2.54,0.18,3.46,0.108,1774656222.5404391
837955,1.68,0.16,3.47,0.371,1774656222.5514376
837966,1.01,0.14,3.48,0.426,1774656222.562439
837977,1.99,0.16,3.49,0.168,1774656222.5734386
837988,2.19,0.17,3.5,0.223,1774656222.5844383
837999,2.3,0.17,3.51,0.221,1774656222.5954397
838010,1.8,0.16,3.53,0.333,1774656222.6070008
838021,2.5,0.18,3.54,0.147,1774656222.6175814
838032,2.11,0.17,3.55,0.294,1774656222.6285825
838043,1.1,0.14,3.56,0.46,1774656222.6395817
838054,2.11,0.17,3.57,0.165,1774656222.6505823
838065,2.13,0.17,3.58,0.259,1774656222.6615832
838076,1.71,0.16,3.59,0.345,1774656222.672582
838087,2.05,0.17,3.6,0.24,1774656222.6835823
838098,2.57,0.18,3.61,0.169,1774656222.6945815
838109,2.12,0.17,3.62,0.311,1774656222.7055802
838120,1.64,0.16,3.64,0.365,1774656222.7165804
838131,2.1,0.17,3.65,0.23,1774656222.727582
838142,2.24,0.17,3.66,0.248,1774656222.7385826
838153,2.31,0.17,3.67,0.248,1774656222.7495809
838164,2.29,0.17,3.68,0.261,1774656222.7605815
838175,2.29,0.17,3.69,0.261,1774656222.771581
838186,2.29,0.17,3.7,0.262,1774656222.7825823
838197,2.29,0.17,3.71,0.264,1774656222.7935834
838208,2.29,0.17,3.72,0.266,1774656222.8045819
838219,2.29,0.17,3.73,0.267,1774656222.8155823
838230,2.29,0.17,3.75,0.269,1774656222.8265815
838241,2.34,0.17,3.76,0.26,1774656222.8375823
838252,2.37,0.17,3.77,0.26,1774656222.848583
838263,2.37,0.17,3.78,0.265,1774656222.8605838
838274,2.37,0.17,3.79,0.267,1774656222.8705833
838285,2.37,0.17,3.8,0.268,1774656222.8815825
838297,2.37,0.17,3.81,0.27,1774656222.8931677
838308,2.37,0.17,3.82,0.272,1774656222.9036288
838319,2.37,0.17,3.83,0.273,1774656222.9146276
838330,2.37,0.17,3.85,0.275,1774656222.9256284
838341,2.37,0.17,3.86,0.277,1774656222.9366293
838352,2.37,0.17,3.87,0.278,1774656222.9476278
838363,2.37,0.17,3.88,0.28,1774656222.9596286
838374,2.37,0.17,3.89,0.282,1774656222.97063
838385,2.45,0.17,3.9,0.267,1774656222.9816303
838396,2.46,0.17,3.91,0.275,1774656222.9926364
838407,2.46,0.17,3.92,0.278,1774656223.0036316
838418,2.46,0.17,3.93,0.279,1774656223.01463
838429,2.46,0.17,3.94,0.281,1774656223.0256302
838440,2.46,0.17,3.96,0.283,1774656223.03663
838451,2.46,0.17,3.97,0.285,1774656223.0476305
838462,2.46,0.17,3.98,0.286,1774656223.0586286
838473,2.46,0.17,3.99,0.288,1774656223.0696309
838484,2.46,0.17,4.0,0.29,1774656223.0806303
838495,2.46,0.17,4.01,0.291,1774656223.0916297
838506,2.52,0.18,4.02,0.282,1774656223.1026313
838517,2.55,0.18,4.03,0.283,1774656223.1136303
838528,2.55,0.18,4.04,0.287,1774656223.1246295
838539,2.55,0.18,4.05,0.289,1774656223.13563
838550,2.55,0.18,4.07,0.291,1774656223.1466293
838561,2.55,0.18,4.08,0.293,1774656223.1576278
838572,2.55,0.18,4.09,0.294,1774656223.1686313
838583,2.55,0.18,4.1,0.296,1774656223.1796296
838594,2.55,0.18,4.11,0.298,1774656223.1906314
838605,2.55,0.18,4.12,0.299,1774656223.201631
838616,2.64,0.18,4.13,0.284,1774656223.2126293
838627,2.64,0.18,4.14,0.294,1774656223.2236283
838638,2.64,0.18,4.15,0.295,1774656223.2346287
838649,2.64,0.18,4.16,0.297,1774656223.245234
838660,2.64,0.18,4.18,0.299,1774656223.2562335
838671,2.64,0.18,4.19,0.301,1774656223.2672336
838682,2.64,0.18,4.2,0.302,1774656223.2782338
838693,2.64,0.18,4.21,0.304,1774656223.2898035
838704,2.64,0.18,4.22,0.306,1774656223.3008008
838715,2.72,0.18,4.23,0.29,1774656223.3118
838726,2.72,0.18,4.24,0.3,1774656223.322802
838737,2.72,0.18,4.25,0.302,1774656223.3337994
838748,2.72,0.18,4.26,0.303,1774656223.3448007
838759,2.72,0.18,4.27,0.305,1774656223.3558
838770,2.72,0.18,4.29,0.307,1774656223.366799
838781,2.72,0.18,4.3,0.309,1774656223.3778012
838792,2.72,0.18,4.31,0.31,1774656223.3888
838803,1.58,0.15,4.32,0.542,1774656223.3997996
838814,1.91,0.16,4.33,0.368,1774656223.4108002
838825,3.42,0.2,4.34,0.099,1774656223.4217997
838836,3.52,0.2,4.35,0.225,1774656223.4327998
838847,4.0,0.21,4.36,0.139,1774656223.443944
838858,2.91,0.18,4.37,0.405,1774656223.4549348
838870,3.49,0.19,4.38,0.187,1774656223.4659348
838881,4.81,0.23,4.4,-0.022,1774656223.476936
838892,3.32,0.19,4.41,0.309,1774656223.487935
838903,2.9,0.18,4.42,0.347,1774656223.4989347
838914,3.46,0.19,4.43,0.198,1774656223.5099363
838925,3.76,0.2,4.44,0.191,1774656223.5209348
838936,3.8,0.2,4.45,0.214,1774656223.5319357
838947,3.99,0.21,4.46,0.18,1774656223.5429363
838958,4.13,0.21,4.47,0.172,1774656223.5539374
838969,3.92,0.2,4.48,0.228,1774656223.5649345
838980,4.05,0.21,4.5,0.184,1774656223.5759356
838991,3.34,0.19,4.51,0.339,1774656223.5869343
839002,3.52,0.19,4.52,0.239,1774656223.5979352
839013,4.4,0.22,4.53,0.079,1774656223.6089354
839024,3.48,0.19,4.54,0.35,1774656223.6199372
839035,3.71,0.2,4.55,0.216,1774656223.630935
839046,4.28,0.21,4.56,0.127,1774656223.6429353
839057,3.68,0.2,4.57,0.302,1774656223.6529355
839068,3.32,0.19,4.58,0.319,1774656223.6639345
839079,4.66,0.22,4.59,0.017,1774656223.6749358
839090,3.59,0.2,4.61,0.348,1774656223.6859343
839101,3.76,0.2,4.62,0.226,1774656223.6979387
839112,3.59,0.2,4.63,0.278,1774656223.7079341
839123,3.69,0.2,4.64,0.243,1774656223.7195399
839134,3.66,0.2,4.65,0.261,1774656223.730522
839145,3.52,0.19,4.66,0.287,1774656223.7415226
839156,3.58,0.2,4.67,0.262,1774656223.7525222
839167,3.6,0.2,4.68,0.266,1774656223.7635207
839178,3.6,0.2,4.69,0.27,1774656223.7745202
839189,3.6,0.2,4.7,0.271,1774656223.7858458
839200,3.6,0.2,4.72,0.273,1774656223.7967646
839211,3.6,0.2,4.73,0.274,1774656223.807763
839222,3.6,0.2,4.74,0.276,1774656223.8187635
839233,3.6,0.2,4.75,0.277,1774656223.8297632
839244,3.6,0.2,4.76,0.279,1774656223.8407645
839255,3.6,0.2,4.77,0.281,1774656223.8517628
839266,3.6,0.2,4.78,0.282,1774656223.8627625
839277,3.6,0.2,4.79,0.284,1774656223.8737652
839288,3.6,0.2,4.8,0.285,1774656223.8847623
839299,3.6,0.2,4.81,0.287,1774656223.8957634
839310,3.6,0.2,4.83,0.289,1774656223.906762
839321,3.6,0.2,4.84,0.29,1774656223.9177628
839332,3.6,0.2,4.85,0.292,1774656223.9287627
839343,3.69,0.2,4.86,0.276,1774656223.9397635
839354,3.69,0.2,4.87,0.286,1774656223.9507623
839365,3.69,0.2,4.88,0.287,1774656223.962304
839376,3.69,0.2,4.89,0.289,1774656223.972616
839387,3.69,0.2,4.9,0.29,1774656223.983616
839398,3.69,0.2,4.91,0.292,1774656223.9946165
839409,3.69,0.2,4.92,0.294,1774656224.005616
839420,3.69,0.2,4.94,0.295,1774656224.016616
839431,3.78,0.2,4.95,0.28,1774656224.027617
839442,3.78,0.2,4.96,0.289,1774656224.0386162
839454,3.78,0.2,4.97,0.291,1774656224.0496159
839465,3.78,0.2,4.98,0.292,1774656224.0606163
839476,3.78,0.2,4.99,0.294,1774656224.0716157
839487,3.78,0.2,5.0,0.296,1774656224.082616
839498,3.78,0.2,5.01,0.297,1774656224.0936167
839509,3.78,0.2,5.02,0.299,1774656224.1046162
839520,3.78,0.2,5.04,0.3,1774656224.1156151
839531,3.86,0.2,5.05,0.286,1774656224.1275554
839542,3.87,0.2,5.06,0.294,1774656224.1383245
839553,3.87,0.2,5.07,0.296,1774656224.14939
839564,3.87,0.2,5.08,0.298,1774656224.1603878
839575,3.87,0.2,5.09,0.299,1774656224.1713884
839586,3.87,0.2,5.1,0.301,1774656224.1823883
839597,3.87,0.2,5.11,0.302,1774656224.1933887
839608,3.87,0.2,5.12,0.304,1774656224.2043881
839619,3.92,0.2,5.13,0.294,1774656224.2151382
839630,3.95,0.2,5.15,0.295,1774656224.2261386
839641,3.96,0.2,5.16,0.3,1774656224.237138
839652,3.96,0.2,5.17,0.301,1774656224.2481382
839663,3.96,0.2,5.18,0.303,1774656224.2591426
839674,3.96,0.2,5.19,0.304,1774656224.270139
839685,3.96,0.2,5.2,0.306,1774656224.2811384
839696,3.96,0.2,5.21,0.308,1774656224.2921398
839707,3.96,0.2,5.22,0.309,1774656224.3031383
839718,4.01,0.2,5.23,0.3,1774656224.3141413
839729,4.04,0.2,5.24,0.3,1774656224.3251393
839740,4.04,0.2,5.26,0.305,1774656224.3361382
839751,4.04,0.2,5.27,0.306,1774656224.3471377
839762,4.04,0.2,5.28,0.308,1774656224.3581378
839773,4.04,0.2,5.29,0.31,1774656224.3691375
839784,4.04,0.2,5.3,0.311,1774656224.3801403
839795,4.04,0.2,5.31,0.313,1774656224.3921409
839806,4.13,0.21,5.32,0.297,1774656224.402138
839817,4.13,0.21,5.33,0.307,1774656224.4131386
839828,4.13,0.21,5.34,0.308,1774656224.4241385
839839,4.13,0.21,5.35,0.31,1774656224.435138
839850,4.13,0.21,5.37,0.312,1774656224.4463038
839861,4.13,0.21,5.38,0.313,1774656224.4573033
839872,4.13,0.21,5.39,0.315,1774656224.468882
839883,4.13,0.21,5.4,0.316,1774656224.4798818
839894,4.13,0.2,5.41,0.318,1774656224.4908822
839905,4.21,0.21,5.42,0.303,1774656224.5018802
839916,4.22,0.21,5.43,0.312,1774656224.5128806
839927,4.22,0.21,5.44,0.314,1774656224.5238798
839938,4.22,0.21,5.45,0.315,1774656224.5348823
839949,4.22,0.21,5.46,0.317,1774656224.5458803
839960,4.22,0.21,5.48,0.319,1774656224.5568798
839971,4.22,0.21,5.49,0.32,1774656224.567881
839982,4.22,0.21,5.5,0.322,1774656224.5788805
839993,4.25,0.21,5.51,0.316,1774656224.5898802
840004,4.31,0.21,5.52,0.311,1774656224.6008832
840015,4.31,0.21,5.53,0.317,1774656224.611881
840027,4.31,0.21,5.54,0.319,1774656224.62288
840038,4.31,0.21,5.55,0.321,1774656224.633879
840049,4.31,0.21,5.56,0.322,1774656224.644881
840060,4.31,0.21,5.58,0.324,1774656224.6558795
840071,4.31,0.21,5.59,0.325,1774656224.6668794
840082,4.31,0.21,5.6,0.327,1774656224.677881
840093,4.39,0.21,5.61,0.312,1774656224.688881
840104,4.39,0.21,5.62,0.321,1774656224.7005033
840115,4.39,0.21,5.63,0.323,1774656224.711501
840126,4.39,0.21,5.64,0.324,1774656224.722503
840137,4.39,0.21,5.65,0.326,1774656224.7335014
840148,4.39,0.21,5.66,0.328,1774656224.744502
840159,4.39,0.21,5.67,0.329,1774656224.7555022
840170,4.39,0.21,5.69,0.331,1774656224.7665014
840181,4.39,0.21,5.7,0.332,1774656224.7775009
840192,4.48,0.21,5.71,0.317,1774656224.7885034
840203,4.48,0.21,5.72,0.326,1774656224.799502
840214,4.48,0.21,5.73,0.328,1774656224.8105001
840225,4.48,0.21,5.74,0.33,1774656224.821502
840236,4.48,0.21,5.75,0.331,1774656224.8325024
840247,4.48,0.21,5.76,0.333,1774656224.8431098
840258,4.48,0.21,5.77,0.334,1774656224.8541098
840269,4.48,0.21,5.78,0.336,1774656224.865109
840280,4.48,0.21,5.8,0.338,1774656224.87611
840291,4.57,0.21,5.81,0.322,1774656224.8871093
840302,4.57,0.21,5.82,0.332,1774656224.8981106
840313,4.57,0.21,5.83,0.333,1774656224.9091089
840324,4.57,0.21,5.84,0.335,1774656224.9201093
840335,4.57,0.21,5.85,0.337,1774656224.9311097
840346,4.57,0.21,5.86,0.338,1774656224.9421105
840357,4.57,0.21,5.87,0.34,1774656224.95366
840368,4.57,0.21,5.88,0.342,1774656224.964659
840379,4.65,0.22,5.89,0.328,1774656224.9756575
840390,4.66,0.22,5.91,0.334,1774656224.9866576
840401,4.66,0.22,5.92,0.337,1774656224.9976575
840412,4.66,0.22,5.93,0.339,1774656225.0086594
840423,4.66,0.22,5.94,0.34,1774656225.0196602
840434,4.66,0.22,5.95,0.342,1774656225.030658
840445,4.66,0.22,5.96,0.344,1774656225.041657
840456,4.66,0.22,5.97,0.345,1774656225.0526574
840467,4.66,0.22,5.98,0.347,1774656225.063657
840478,4.69,0.22,5.99,0.342,1774656225.0746582
840489,4.75,0.22,6.0,0.336,1774656225.0856574
840500,4.75,0.22,6.02,0.343,1774656225.0972083
840511,4.75,0.22,6.03,0.344,1774656225.108208
840522,4.75,0.22,6.04,0.346,1774656225.119208
840533,4.75,0.22,6.05,0.347,1774656225.1302083
840544,4.75,0.22,6.06,0.349,1774656225.1412082
840555,4.75,0.22,6.07,0.351,1774656225.152208
840566,4.75,0.22,6.08,0.352,1774656225.1632078
840577,4.8,0.22,6.09,0.343,1774656225.174208
840589,4.83,0.22,6.1,0.343,1774656225.185208
840600,4.83,0.22,6.12,0.348,1774656225.1962082
840611,4.83,0.22,6.13,0.35,1774656225.206749
840622,4.83,0.22,6.14,0.351,1774656225.2177486
840633,4.83,0.22,6.15,0.353,1774656225.2287495
840644,4.83,0.22,6.16,0.355,1774656225.23975
840655,4.83,0.22,6.17,0.356,1774656225.2507493
840666,4.83,0.22,6.18,0.358,1774656225.2617493
840677,4.87,0.22,6.19,0.352,1774656225.2727487
840688,4.92,0.22,6.2,0.347,1774656225.2837496
840699,4.92,0.22,6.21,0.354,1774656225.2947497
840710,4.92,0.22,6.23,0.355,1774656225.305749
840721,4.92,0.22,6.24,0.357,1774656225.3167489
840732,4.92,0.22,6.25,0.358,1774656225.32775
840743,4.92,0.22,6.26,0.36,1774656225.3393276
840754,4.92,0.22,6.27,0.362,1774656225.3503253
840765,4.99,0.22,6.28,0.35,1774656225.3613255
840776,5.01,0.22,6.29,0.354,1774656225.3723233
840787,5.01,0.22,6.3,0.357,1774656225.3833253
840798,5.01,0.22,6.31,0.359,1774656225.3943245
840809,5.01,0.22,6.32,0.361,1774656225.4053235
840820,5.01,0.22,6.34,0.362,1774656225.4163227
840831,5.01,0.22,6.35,0.364,1774656225.427324
840842,5.01,0.22,6.36,0.366,1774656225.4383235
840853,5.01,0.22,6.37,0.367,1774656225.4495456
840864,5.01,0.22,6.38,0.369,1774656225.460544
840875,5.1,0.22,6.39,0.353,1774656225.4715445
840886,5.1,0.22,6.4,0.363,1774656225.4825437
840897,5.1,0.22,6.41,0.365,1774656225.4935434
840908,5.1,0.22,6.42,0.366,1774656225.5045428
840919,5.1,0.22,6.43,0.368,1774656225.515543
840930,5.1,0.22,6.45,0.37,1774656225.5265439
840941,5.1,0.22,6.46,0.371,1774656225.537542
840952,5.1,0.22,6.47,0.373,1774656225.548544
840963,5.17,0.22,6.48,0.361,1774656225.5595446
840974,5.19,0.23,6.49,0.365,1774656225.5705457
840985,5.19,0.23,6.5,0.369,1774656225.5815444
840996,5.19,0.23,6.51,0.37,1774656225.5925465
841007,5.19,0.23,6.52,0.372,1774656225.6035433
841018,5.19,0.23,6.53,0.374,1774656225.6145422
841029,5.19,0.23,6.54,0.375,1774656225.6255524
841040,5.19,0.22,6.56,0.377,1774656225.6365514
841051,5.19,0.22,6.57,0.378,1774656225.647551
841062,5.27,0.23,6.58,0.363,1774656225.6585548
841073,5.27,0.23,6.59,0.372,1774656225.669552
841084,5.27,0.23,6.6,0.374,1774656225.6805522
841095,5.27,0.23,6.61,0.376,1774656225.6925547
841106,5.27,0.23,6.62,0.377,1774656225.7025516
841117,5.27,0.23,6.63,0.379,1774656225.7135515
841128,5.27,0.23,6.64,0.381,1774656225.7245524
841139,5.27,0.23,6.65,0.382,1774656225.7355509
841150,5.27,0.23,6.67,0.384,1774656225.746551
841162,5.36,0.23,6.68,0.369,1774656225.757552
841173,5.36,0.23,6.69,0.378,1774656225.7685544
841184,5.36,0.23,6.7,0.38,1774656225.779551
841195,5.36,0.23,6.71,0.381,1774656225.7914453
841206,5.36,0.23,6.72,0.383,1774656225.801713
841217,5.36,0.23,6.73,0.385,1774656225.8127148
841228,5.36,0.23,6.74,0.386,1774656225.823713
841239,5.36,0.23,6.75,0.388,1774656225.8352833
841250,5.36,0.23,6.77,0.39,1774656225.8462803
841261,5.36,0.23,6.78,0.391,1774656225.857283
841272,5.36,0.23,6.79,0.393,1774656225.8682828
841283,5.44,0.23,6.8,0.379,1774656225.8792822
841294,5.45,0.23,6.81,0.387,1774656225.8897974
841305,5.45,0.23,6.82,0.389,1774656225.9007964
841316,5.45,0.23,6.83,0.391,1774656225.9117956
841327,5.45,0.23,6.84,0.392,1774656225.9227958
841338,5.45,0.23,6.85,0.394,1774656225.9337962
841349,5.45,0.23,6.86,0.396,1774656225.9457974
841360,5.45,0.23,6.88,0.397,1774656225.9566317
841371,5.54,0.23,6.89,0.381,1774656225.9677863
841382,5.54,0.23,6.9,0.391,1774656225.97877
841393,5.54,0.23,6.91,0.393,1774656225.9897597
841404,5.54,0.23,6.92,0.395,1774656226.0007596
841415,5.54,0.23,6.93,0.396,1774656226.011759
841426,5.54,0.23,6.94,0.398,1774656226.0227616
841437,5.54,0.23,6.95,0.4,1774656226.033761
841448,5.54,0.23,6.96,0.401,1774656226.0447598
841459,5.54,0.23,6.97,0.403,1774656226.0557592
841470,4.23,0.2,6.99,0.667,1774656226.0667603
841481,4.95,0.22,7.0,0.401,1774656226.0777588
841492,6.23,0.25,7.01,0.215,1774656226.0887604
841503,4.64,0.21,7.02,0.546,1774656226.0990918
841514,4.86,0.21,7.03,0.463,1774656226.110094
841525,5.67,0.23,7.04,0.324,1774656226.121092
841536,4.62,0.21,7.05,0.611,1774656226.1330934
841547,4.81,0.21,7.06,0.477,1774656226.1438277
841558,6.54,0.25,7.07,0.151,1774656226.1543438
841569,5.14,0.22,7.08,0.481,1774656226.1653447
841580,4.59,0.21,7.1,0.573,1774656226.1763444
841591,5.98,0.24,7.11,0.247,1774656226.1873438
841602,5.23,0.22,7.12,0.529,1774656226.1989286
841613,4.82,0.21,7.13,0.542,1774656226.209917
841624,5.85,0.24,7.14,0.3,1774656226.2209167
841635,5.13,0.22,7.15,0.543,1774656226.2319162
841646,5.02,0.22,7.16,0.499,1774656226.2429147
841657,5.66,0.23,7.17,0.362,1774656226.2539172
841668,4.98,0.22,7.18,0.561,1774656226.264916
841679,4.79,0.21,7.19,0.537,1774656226.2759163
841690,6.11,0.24,7.21,0.255,1774656226.286914
841701,5.13,0.22,7.22,0.579,1774656226.2979143
841712,4.89,0.21,7.23,0.535,1774656226.308915
841723,6.65,0.27,7.24,0.204,1774656226.3199155
841734,5.15,0.23,7.25,0.535,1774656226.3309147
841746,5.18,0.23,7.26,0.486,1774656226.3419156
841757,5.61,0.24,7.27,0.404,1774656226.3529162
841768,5.03,0.23,7.28,0.561,1774656226.3639178
841779,4.89,0.23,7.29,0.537,1774656226.374914
841790,5.96,0.25,7.31,0.311,1774656226.385915
841801,4.92,0.23,7.32,0.623,1774656226.3969133
841812,4.83,0.22,7.33,0.545,1774656226.4079137
841823,5.88,0.25,7.34,0.327,1774656226.4189138
841834,5.05,0.23,7.35,0.596,1774656226.429915
841845,4.65,0.22,7.36,0.598,1774656226.440916
841856,6.08,0.25,7.37,0.276,1774656226.4520607
841867,5.42,0.24,7.38,0.546,1774656226.4630587
841878,4.98,0.23,7.39,0.573,1774656226.4736905
841889,6.39,0.26,7.4,0.251,1774656226.4846902
841900,5.23,0.23,7.42,0.582,1774656226.4956908
841911,4.96,0.23,7.43,0.564,1774656226.5066907
841922,6.01,0.25,7.44,0.331,1774656226.5186944
841933,5.38,0.24,7.45,0.558,1774656226.529695
841944,4.81,0.22,7.46,0.615,1774656226.5402508
841955,6.08,0.25,7.47,0.307,1774656226.5512493
841966,5.83,0.25,7.48,0.482,1774656226.5622506
841977,4.57,0.22,7.49,0.71,1774656226.5732503
841988,6.17,0.26,7.5,0.38,1774656226.58425
841999,6.48,0.27,7.51,0.365,1774656226.5952501
842010,5.65,0.25,7.53,0.561,1774656226.6062496
842021,4.79,0.22,7.54,0.659,1774656226.6172493
842032,6.61,0.26,7.55,0.329,1774656226.6282516
842043,6.48,0.26,7.56,0.415,1774656226.6392493
842054,4.6,0.22,7.57,0.747,1774656226.6502502
842065,5.92,0.25,7.58,0.417,1774656226.6612508
842076,6.16,0.25,7.59,0.42,1774656226.6722503
842087,6.12,0.25,7.6,0.45,1774656226.6832523
842098,5.94,0.25,7.61,0.485,1774656226.6942503
842109,6.85,0.27,7.62,0.289,1774656226.7052622
842120,5.5,0.24,7.64,0.62,1774656226.716262
842131,5.09,0.23,7.65,0.601,1774656226.7272627
842142,6.1,0.25,7.66,0.362,1774656226.7382634
842153,6.45,0.26,7.67,0.391,1774656226.7492623
842164,4.91,0.22,7.68,0.723,1774656226.760263
842175,5.95,0.25,7.69,0.393,1774656226.7712626
842186,6.68,0.26,7.7,0.336,1774656226.7822633
842197,5.87,0.25,7.71,0.567,1774656226.7932637
842208,4.93,0.22,7.72,0.682,1774656226.804263
842219,6.16,0.25,7.73,0.352,1774656226.8152628
842230,5.96,0.25,7.75,0.507,1774656226.8262637
842241,6.74,0.27,7.76,0.334,1774656226.8382654
842252,6.29,0.25,7.77,0.499,1774656226.8492646
842263,5.2,0.23,7.78,0.676,1774656226.8602672
842274,6.46,0.26,7.79,0.346,1774656226.871266
842285,6.33,0.25,7.8,0.47,1774656226.882265
842296,6.29,0.25,7.81,0.468,1774656226.8932672
842307,5.98,0.24,7.82,0.527,1774656226.9042659
842319,6.56,0.26,7.83,0.383,1774656226.9152648
842330,6.04,0.25,7.85,0.546,1774656226.926265
842341,5.56,0.23,7.86,0.594,1774656226.9372652
842352,6.22,0.25,7.87,0.417,1774656226.948267
842363,6.25,0.25,7.88,0.476,1774656226.9592636
842374,5.85,0.24,7.89,0.561,1774656226.9702628
842385,6.69,0.26,7.9,0.357,1774656226.9812653
842396,6.13,0.25,7.91,0.549,1774656226.992273
842407,5.15,0.22,7.92,0.695,1774656227.0032654
842418,6.28,0.25,7.93,0.377,1774656227.014265
842429,6.72,0.26,7.94,0.4,1774656227.025264
842440,6.22,0.25,7.96,0.541,1774656227.0362651
842451,6.71,0.26,7.97,0.399,1774656227.0472646
842462,6.37,0.25,7.98,0.515,1774656227.0582647
842473,5.98,0.24,7.99,0.561,1774656227.0692644
842484,6.04,0.24,8.0,0.516,1774656227.0802631
842495,6.4,0.25,8.01,0.451,1774656227.09082
842506,5.98,0.24,8.02,0.57,1774656227.10182
842517,6.17,0.25,8.03,0.495,1774656227.1128206
842528,6.49,0.26,8.04,0.449,1774656227.12382
842539,5.87,0.24,8.05,0.608,1774656227.1348195
842550,6.24,0.25,8.07,0.475,1774656227.1463935
842561,5.97,0.24,8.08,0.566,1774656227.157392
842572,6.14,0.25,8.09,0.51,1774656227.1683943
842583,7.54,0.28,8.1,0.246,1774656227.1793926
842594,7.71,0.28,8.11,0.347,1774656227.190394
842605,6.43,0.25,8.12,0.62,1774656227.2013934
842616,6.5,0.25,8.13,0.487,1774656227.212393
842627,5.87,0.24,8.14,0.621,1774656227.2235487
842638,7.5,0.28,8.15,0.291,1774656227.2345467
842649,8.13,0.29,8.16,0.268,1774656227.2455475
842660,8.37,0.3,8.18,0.28,1774656227.2565472
842671,9.38,0.32,8.19,0.101,1774656227.2675493
842682,9.56,0.33,8.2,0.162,1774656227.2785475
842693,9.24,0.32,8.21,0.244,1774656227.2895489
842704,8.84,0.31,8.22,0.294,1774656227.3005476
842715,10.42,0.35,8.23,-0.037,1774656227.311548
842726,9.97,0.34,8.24,0.182,1774656227.3225477
842737,10.54,0.35,8.25,0.024,1774656227.3335476
842748,11.77,0.38,8.26,-0.166,1774656227.3445494
842759,12.91,0.4,8.27,-0.279,1774656227.3555486
842770,12.0,0.38,8.29,0.011,1774656227.3665473
842781,12.5,0.39,8.3,-0.176,1774656227.3775485
842792,13.43,0.42,8.31,-0.315,1774656227.3885477
842803,12.38,0.39,8.32,-0.018,1774656227.3995497
842814,12.39,0.39,8.33,-0.12,1774656227.410548
842825,13.76,0.42,8.34,-0.392,1774656227.421548
842836,12.34,0.39,8.35,-0.064,1774656227.4325476
842847,11.94,0.38,8.36,-0.035,1774656227.444314
842858,13.39,0.41,8.37,-0.364,1774656227.454918
842869,13.32,0.41,8.39,-0.214,1774656227.4659166
842880,12.08,0.38,8.4,0.029,1774656227.4769166
842892,12.9,0.4,8.41,-0.254,1774656227.4879162
842903,13.26,0.41,8.42,-0.249,1774656227.4989164
842914,12.53,0.39,8.43,-0.07,1774656227.509917
842925,13.3,0.41,8.44,-0.293,1774656227.5214884
842936,13.48,0.42,8.45,-0.257,1774656227.5324895
842947,11.9,0.38,8.46,0.073,1774656227.543489
842958,13.43,0.42,8.47,-0.259,1774656227.5544906
842969,13.09,0.41,8.48,-0.169,1774656227.5654902
842980,13.32,0.41,8.5,-0.246,1774656227.5764894
842991,13.44,0.42,8.51,-0.251,1774656227.5874896
843002,13.37,0.41,8.52,-0.224,1774656227.5984912
843013,13.36,0.41,8.53,-0.231,1774656227.6094902
843024,13.36,0.41,8.54,-0.232,1774656227.6204891
843035,13.36,0.41,8.55,-0.233,1774656227.631489
843046,13.36,0.41,8.56,-0.234,1774656227.6424882
843057,13.36,0.41,8.57,-0.234,1774656227.6534896
843068,13.36,0.41,8.58,-0.235,1774656227.6644895
843079,13.36,0.41,8.59,-0.236,1774656227.6754875
843090,13.36,0.41,8.61,-0.237,1774656227.6864889
843101,13.36,0.41,8.62,-0.237,1774656227.6974893
843112,13.36,0.41,8.63,-0.238,1774656227.7084882
843123,13.36,0.41,8.64,-0.239,1774656227.719489
843134,13.36,0.41,8.65,-0.239,1774656227.730489
843145,13.36,0.41,8.66,-0.24,1774656227.7414892
843156,13.36,0.41,8.67,-0.241,1774656227.7524889
843167,13.36,0.41,8.68,-0.241,1774656227.7634892
843178,13.36,0.41,8.69,-0.242,1774656227.7744887
843189,13.36,0.41,8.7,-0.243,1774656227.785696
843200,13.36,0.41,8.72,-0.243,1774656227.7969227
843211,13.36,0.41,8.73,-0.244,1774656227.8079216
843222,13.36,0.41,8.74,-0.245,1774656227.8189216
843233,13.36,0.41,8.75,-0.245,1774656227.829921
843244,13.36,0.41,8.76,-0.246,1774656227.8409224
843255,13.36,0.41,8.77,-0.247,1774656227.851921
843266,13.36,0.41,8.78,-0.247,1774656227.862921
843277,13.36,0.41,8.79,-0.248,1774656227.8740225
843288,13.36,0.41,8.8,-0.248,1774656227.8850222
843299,13.36,0.41,8.81,-0.249,1774656227.8960218
843310,13.36,0.41,8.83,-0.25,1774656227.9070215
843321,13.36,0.41,8.84,-0.25,1774656227.9180233
843332,13.36,0.41,8.85,-0.251,1774656227.9290235
843343,13.36,0.41,8.86,-0.251,1774656227.9400227
843354,13.36,0.41,8.87,-0.252,1774656227.9510221
843365,13.36,0.41,8.88,-0.253,1774656227.96223
843376,13.36,0.41,8.89,-0.253,1774656227.9723182
843387,13.36,0.41,8.9,-0.254,1774656227.983319
843398,13.36,0.41,8.91,-0.254,1774656227.9943175
843409,13.36,0.41,8.92,-0.255,1774656228.0053277
843420,13.36,0.41,8.94,-0.256,1774656228.0163279
843431,13.36,0.41,8.95,-0.256,1774656228.0283291
843442,13.36,0.41,8.96,-0.257,1774656228.0383277
843453,13.36,0.41,8.97,-0.257,1774656228.0503304
843464,13.36,0.41,8.98,-0.258,1774656228.0613303
843476,13.36,0.41,8.99,-0.258,1774656228.07233
843487,13.3,0.41,9.0,-0.248,1774656228.0833304
843498,13.27,0.41,9.01,-0.247,1774656228.0940452
843509,13.27,0.41,9.02,-0.251,1774656228.105045
843520,13.27,0.41,9.04,-0.251,1774656228.1160436
843531,13.27,0.41,9.05,-0.252,1774656228.1266317
843542,13.27,0.41,9.06,-0.252,1774656228.1383395
843553,13.27,0.41,9.07,-0.253,1774656228.14934
843564,13.27,0.41,9.08,-0.253,1774656228.1603382
843575,13.27,0.41,9.09,-0.254,1774656228.1713402
843586,13.27,0.41,9.1,-0.254,1774656228.1823397
843597,13.27,0.41,9.11,-0.255,1774656228.193339
843608,13.27,0.41,9.12,-0.255,1774656228.204352
843619,13.27,0.41,9.13,-0.255,1774656228.2153506
843630,13.27,0.41,9.15,-0.256,1774656228.226352
843641,13.27,0.41,9.16,-0.256,1774656228.237351
843652,13.27,0.41,9.17,-0.257,1774656228.2483506
843663,13.27,0.4,9.18,-0.257,1774656228.25935
843674,13.27,0.4,9.19,-0.258,1774656228.2703528
843685,13.27,0.4,9.2,-0.258,1774656228.2813509
843696,13.27,0.4,9.21,-0.259,1774656228.2923493
843707,13.27,0.4,9.22,-0.259,1774656228.3033495
843718,13.27,0.4,9.23,-0.259,1774656228.3143506
843729,13.27,0.4,9.24,-0.26,1774656228.3253498
843740,13.27,0.4,9.26,-0.26,1774656228.336382
843751,13.27,0.4,9.27,-0.261,1774656228.3473556
843762,13.27,0.4,9.28,-0.261,1774656228.3583565
843773,13.27,0.4,9.29,-0.261,1774656228.3693554
843784,13.27,0.4,9.3,-0.262,1774656228.3803551
843795,13.27,0.4,9.31,-0.262,1774656228.391915
843806,13.27,0.4,9.32,-0.263,1774656228.4029179
843817,13.27,0.4,9.33,-0.263,1774656228.4139156
843828,13.27,0.4,9.34,-0.263,1774656228.4249148
843839,13.27,0.4,9.35,-0.264,1774656228.435915
843850,13.27,0.4,9.37,-0.264,1774656228.4460933
843861,13.27,0.4,9.38,-0.265,1774656228.4580636
843872,13.27,0.4,9.39,-0.265,1774656228.468667
843883,13.27,0.4,9.4,-0.265,1774656228.4792223
843894,13.27,0.4,9.41,-0.266,1774656228.4902234
843905,13.27,0.4,9.42,-0.266,1774656228.5012224
843916,13.19,0.4,9.43,-0.25,1774656228.5122223
843927,13.18,0.4,9.44,-0.257,1774656228.5232234
843938,13.18,0.4,9.45,-0.258,1774656228.534223
843949,13.18,0.4,9.46,-0.258,1774656228.5452232
843960,13.18,0.4,9.48,-0.258,1774656228.5562217
843971,13.18,0.4,9.49,-0.259,1774656228.5672228
843982,13.18,0.4,9.5,-0.259,1774656228.579225
843993,13.18,0.4,9.51,-0.259,1774656228.5897954
844004,13.18,0.4,9.52,-0.259,1774656228.6007905
844015,13.18,0.4,9.53,-0.26,1774656228.6117916
844026,13.18,0.4,9.54,-0.26,1774656228.62279
844037,13.18,0.4,9.55,-0.26,1774656228.6337903
844049,13.18,0.4,9.56,-0.261,1774656228.6453974
844060,13.18,0.4,9.58,-0.261,1774656228.6553953
844071,13.18,0.4,9.59,-0.261,1774656228.6663957
844082,13.18,0.4,9.6,-0.261,1774656228.6783996
844093,13.18,0.4,9.61,-0.262,1774656228.6893978
844104,13.18,0.4,9.62,-0.262,1774656228.7003992
844115,13.18,0.4,9.63,-0.262,1774656228.711398
844126,13.18,0.4,9.64,-0.262,1774656228.7224002
844137,13.18,0.4,9.65,-0.262,1774656228.733398
844148,13.18,0.4,9.66,-0.263,1774656228.7439482
844159,13.18,0.4,9.67,-0.263,1774656228.7545195
844170,13.18,0.4,9.69,-0.263,1774656228.766521
844181,13.18,0.4,9.7,-0.263,1774656228.7775216
844192,13.18,0.4,9.71,-0.264,1774656228.7885215
844203,13.18,0.4,9.72,-0.264,1774656228.7995214
844214,13.18,0.4,9.73,-0.264,1774656228.8105214
844225,13.18,0.4,9.74,-0.264,1774656228.821523
844236,13.18,0.4,9.75,-0.264,1774656228.8325224
844247,13.18,0.4,9.76,-0.265,1774656228.8435214
844258,13.18,0.4,9.77,-0.265,1774656228.8545246
844269,13.18,0.4,9.78,-0.265,1774656228.8655214
844280,13.18,0.4,9.8,-0.265,1774656228.8765202
844291,13.18,0.4,9.81,-0.265,1774656228.887522
844302,13.18,0.4,9.82,-0.265,1774656228.8985221
844313,13.18,0.4,9.83,-0.266,1774656228.9095228
844324,13.18,0.4,9.84,-0.266,1774656228.9205217
844335,13.18,0.4,9.85,-0.266,1774656228.9315217
844346,13.18,0.4,9.86,-0.266,1774656228.942521
844357,13.18,0.4,9.87,-0.266,1774656228.9535222
844368,13.18,0.4,9.88,-0.266,1774656228.9645207
844379,13.18,0.4,9.89,-0.266,1774656228.9755242
844390,13.18,0.4,9.91,-0.267,1774656228.986523
844401,13.18,0.4,9.92,-0.267,1774656228.9975188
844412,13.18,0.4,9.93,-0.267,1774656229.0085206
844423,13.18,0.4,9.94,-0.267,1774656229.0195203
844434,13.1,0.39,9.95,-0.25,1774656229.0305192
844445,13.1,0.39,9.96,-0.258,1774656229.0415187
844456,13.1,0.39,9.97,-0.258,1774656229.0525198
844467,13.1,0.39,9.98,-0.258,1774656229.0635188
844478,13.1,0.39,9.99,-0.258,1774656229.0745192
844489,13.1,0.39,10.0,-0.258,1774656229.0855193
844500,13.1,0.39,10.02,-0.258,1774656229.0965192
844511,13.1,0.39,10.03,-0.258,1774656229.1075194
844522,13.1,0.39,10.04,-0.258,1774656229.1185188
844533,13.1,0.39,10.05,-0.258,1774656229.12952
844544,13.1,0.39,10.06,-0.258,1774656229.1410775
844555,13.1,0.39,10.07,-0.258,1774656229.1520784
844566,13.1,0.39,10.08,-0.258,1774656229.1630778
844577,13.1,0.39,10.09,-0.258,1774656229.174078
844588,13.1,0.39,10.1,-0.258,1774656229.1850777
844599,13.1,0.39,10.11,-0.258,1774656229.196078
844610,13.1,0.39,10.13,-0.258,1774656229.2070792
844621,13.1,0.39,10.14,-0.258,1774656229.218078
844633,13.1,0.39,10.15,-0.258,1774656229.2290785
844644,13.1,0.39,10.16,-0.258,1774656229.2400808
844655,13.1,0.39,10.17,-0.258,1774656229.251078
844666,13.1,0.39,10.18,-0.258,1774656229.2620783
844677,13.1,0.39,10.19,-0.258,1774656229.2730777
844688,13.1,0.39,10.2,-0.258,1774656229.2840793
844699,13.1,0.39,10.21,-0.258,1774656229.2950773
844710,13.1,0.39,10.23,-0.258,1774656229.3060765
844721,13.1,0.39,10.24,-0.258,1774656229.3170764
844732,13.1,0.39,10.25,-0.258,1774656229.3280766
844743,13.1,0.39,10.26,-0.258,1774656229.339078
844754,13.1,0.39,10.27,-0.258,1774656229.3496428
844765,13.1,0.39,10.28,-0.258,1774656229.3616436
844776,13.1,0.39,10.29,-0.258,1774656229.372643
844787,13.1,0.39,10.3,-0.258,1774656229.383643
844798,13.1,0.39,10.31,-0.258,1774656229.3946412
844809,13.1,0.39,10.32,-0.258,1774656229.405642
844820,13.1,0.39,10.34,-0.258,1774656229.416643
844831,13.1,0.39,10.35,-0.258,1774656229.4276416
844842,13.1,0.39,10.36,-0.258,1774656229.4386444
844853,13.1,0.39,10.37,-0.258,1774656229.4494843
844864,13.1,0.39,10.38,-0.258,1774656229.4599977
844875,13.1,0.39,10.39,-0.257,1774656229.4709961
844886,13.1,0.39,10.4,-0.257,1774656229.4819963
844897,13.1,0.39,10.41,-0.257,1774656229.4929976
844908,13.1,0.39,10.42,-0.257,1774656229.503996
844919,13.1,0.39,10.43,-0.257,1774656229.5149956
844930,13.1,0.39,10.45,-0.257,1774656229.525996
844941,13.1,0.39,10.46,-0.257,1774656229.5369978
844952,13.1,0.39,10.47,-0.257,1774656229.547996
844963,13.1,0.39,10.48,-0.257,1774656229.5589974
844974,13.1,0.39,10.49,-0.257,1774656229.5699975
844985,13.1,0.39,10.5,-0.256,1774656229.5809956
844996,13.1,0.39,10.51,-0.256,1774656229.592997
845007,13.1,0.39,10.52,-0.256,1774656229.6039994
845018,13.1,0.39,10.53,-0.256,1774656229.6149986
845029,13.1,0.39,10.54,-0.256,1774656229.6259978
845040,13.1,0.39,10.56,-0.256,1774656229.6369984
845051,13.1,0.39,10.57,-0.255,1774656229.6479995
845062,13.1,0.39,10.58,-0.255,1774656229.6589978
845073,13.1,0.39,10.59,-0.255,1774656229.6699982
845084,13.1,0.39,10.6,-0.255,1774656229.6809983
845095,13.1,0.39,10.61,-0.255,1774656229.6919982
845106,13.1,0.39,10.62,-0.255,1774656229.7033334
845117,13.1,0.39,10.63,-0.254,1774656229.7140973
845128,13.1,0.39,10.64,-0.254,1774656229.7250974
845139,13.1,0.39,10.65,-0.254,1774656229.7360973
845150,13.1,0.39,10.67,-0.254,1774656229.7470973
845161,13.1,0.39,10.68,-0.254,1774656229.7580967
845172,13.1,0.39,10.69,-0.253,1774656229.7690973
845183,13.1,0.39,10.7,-0.253,1774656229.7800953
845194,13.1,0.39,10.71,-0.253,1774656229.7910962
845206,13.1,0.39,10.72,-0.253,1774656229.8023777
845217,13.1,0.39,10.73,-0.253,1774656229.8124974
845228,13.1,0.39,10.74,-0.252,1774656229.823497
845239,13.1,0.39,10.75,-0.252,1774656229.8355124
845250,13.1,0.39,10.77,-0.252,1774656229.8464985
845261,13.1,0.39,10.78,-0.252,1774656229.8564963
845272,13.1,0.39,10.79,-0.251,1774656229.867498
845283,13.1,0.39,10.8,-0.251,1774656229.8795002
845294,13.1,0.39,10.81,-0.251,1774656229.8894987
845305,13.1,0.39,10.82,-0.251,1774656229.9015005
845316,13.1,0.39,10.83,-0.25,1774656229.9125001
845327,13.1,0.39,10.84,-0.25,1774656229.9235003
845338,13.1,0.39,10.85,-0.25,1774656229.9344995
845349,13.1,0.39,10.86,-0.25,1774656229.9455006
845360,13.1,0.38,10.88,-0.249,1774656229.9564998
845371,13.1,0.38,10.89,-0.249,1774656229.9674995
845382,13.1,0.38,10.9,-0.249,1774656229.9786315
845393,13.1,0.38,10.91,-0.249,1774656229.9895885
845404,13.1,0.38,10.92,-0.248,1774656229.9997373
845415,13.1,0.38,10.93,-0.248,1774656230.0117388
845426,13.1,0.38,10.94,-0.248,1774656230.0217354
845437,13.1,0.38,10.95,-0.247,1774656230.0337393
845448,13.1,0.38,10.96,-0.247,1774656230.044738
845459,13.1,0.38,10.97,-0.247,1774656230.055738
845470,13.1,0.38,10.99,-0.246,1774656230.06674
845481,13.1,0.38,11.0,-0.246,1774656230.0777376
845492,13.1,0.38,11.01,-0.246,1774656230.0887377
845503,13.1,0.38,11.02,-0.245,1774656230.0990021
845514,13.1,0.38,11.03,-0.245,1774656230.1100023
845525,13.1,0.38,11.04,-0.245,1774656230.1210022
845536,13.1,0.38,11.05,-0.244,1774656230.1320004
845547,13.1,0.38,11.06,-0.244,1774656230.1440134
845558,13.1,0.38,11.07,-0.244,1774656230.154652
845569,13.1,0.38,11.08,-0.243,1774656230.1658018
845580,13.1,0.38,11.1,-0.243,1774656230.1768012
845591,13.1,0.38,11.11,-0.243,1774656230.187801
845602,13.1,0.38,11.12,-0.242,1774656230.198803
845613,13.1,0.38,11.13,-0.242,1774656230.2098029
845624,13.1,0.38,11.14,-0.241,1774656230.2208009
845635,13.1,0.38,11.15,-0.241,1774656230.2318013
845646,13.1,0.38,11.16,-0.241,1774656230.242802
845657,13.1,0.38,11.17,-0.24,1774656230.2538009
845668,13.1,0.38,11.18,-0.24,1774656230.2648013
845679,13.1,0.38,11.19,-0.24,1774656230.275802
845690,13.1,0.38,11.21,-0.239,1774656230.286801
845701,13.1,0.38,11.22,-0.239,1774656230.2978003
845712,13.1,0.38,11.23,-0.238,1774656230.3088017
845723,13.1,0.38,11.24,-0.238,1774656230.3198009
845734,13.1,0.38,11.25,-0.237,1774656230.3307984
845745,13.1,0.38,11.26,-0.237,1774656230.341801
845756,13.1,0.38,11.27,-0.237,1774656230.3527992
845767,13.1,0.38,11.28,-0.236,1774656230.3637993
845778,13.1,0.38,11.29,-0.236,1774656230.3747985
845790,13.1,0.38,11.3,-0.235,1774656230.385799
845801,13.1,0.38,11.32,-0.235,1774656230.396799
845812,13.1,0.38,11.33,-0.234,1774656230.4077992
845823,13.1,0.38,11.34,-0.234,1774656230.4187992
845834,13.1,0.38,11.35,-0.234,1774656230.4297988
845845,13.1,0.38,11.36,-0.233,1774656230.4407995
845856,13.1,0.38,11.37,-0.233,1774656230.45196
845867,13.1,0.38,11.38,-0.232,1774656230.4629602
845878,13.1,0.38,11.39,-0.232,1774656230.4735885
845889,13.1,0.38,11.4,-0.231,1774656230.4855905
845900,13.1,0.38,11.42,-0.231,1774656230.495589
845911,13.1,0.38,11.43,-0.23,1774656230.5065885
845922,13.1,0.38,11.44,-0.23,1774656230.5175884
845933,13.1,0.38,11.45,-0.229,1774656230.5295923
845944,13.1,0.38,11.46,-0.229,1774656230.54059
845955,13.1,0.38,11.47,-0.228,1774656230.5515902
845966,13.1,0.38,11.48,-0.228,1774656230.5625901
845977,13.1,0.38,11.49,-0.227,1774656230.573591
845988,13.1,0.38,11.5,-0.227,1774656230.5845916
845999,13.1,0.38,11.51,-0.226,1774656230.59559
846010,13.1,0.38,11.53,-0.226,1774656230.6065912
846021,13.1,0.38,11.54,-0.225,1774656230.617593
846032,13.1,0.38,11.55,-0.225,1774656230.6285906
846043,13.1,0.38,11.56,-0.224,1774656230.639593
846054,13.1,0.38,11.57,-0.223,1774656230.650591
846065,13.1,0.38,11.58,-0.223,1774656230.6615908
846076,13.1,0.38,11.59,-0.222,1774656230.672593
846087,13.1,0.38,11.6,-0.222,1774656230.6835933
846098,13.1,0.38,11.61,-0.221,1774656230.6945908
846109,13.1,0.38,11.62,-0.221,1774656230.705591
846120,13.1,0.38,11.64,-0.22,1774656230.7165902
846131,13.1,0.38,11.65,-0.22,1774656230.7275906
846142,13.1,0.38,11.66,-0.219,1774656230.738591
846153,13.1,0.38,11.67,-0.218,1774656230.7495906
846164,13.1,0.38,11.68,-0.218,1774656230.7605896
846175,13.1,0.38,11.69,-0.217,1774656230.77159
846186,13.1,0.38,11.7,-0.217,1774656230.7825894
846197,13.18,0.38,11.71,-0.234,1774656230.7935894
846208,13.18,0.38,11.72,-0.225,1774656230.804589
846219,13.18,0.38,11.73,-0.224,1774656230.8155892
846230,13.18,0.38,11.75,-0.224,1774656230.82659
846241,13.18,0.38,11.76,-0.223,1774656230.8373966
846252,13.18,0.38,11.77,-0.222,1774656230.8483968
846263,13.18,0.38,11.78,-0.222,1774656230.859397
846274,13.18,0.38,11.79,-0.221,1774656230.870396
846285,13.18,0.38,11.8,-0.221,1774656230.881395
846296,13.18,0.38,11.81,-0.22,1774656230.8923957
846307,13.18,0.38,11.82,-0.219,1774656230.9033961
846318,13.18,0.38,11.83,-0.219,1774656230.9143958
846329,13.18,0.38,11.84,-0.218,1774656230.925396
846340,13.18,0.38,11.86,-0.218,1774656230.936396
846351,13.18,0.38,11.87,-0.217,1774656230.9473972
846363,13.18,0.38,11.88,-0.216,1774656230.958396
846374,13.18,0.38,11.89,-0.216,1774656230.9703982
846385,13.18,0.38,11.9,-0.215,1774656230.9803963
846396,13.18,0.38,11.91,-0.214,1774656230.9923968
846407,13.18,0.38,11.92,-0.214,1774656231.0033994
846418,13.18,0.38,11.93,-0.213,1774656231.0143967
846429,13.18,0.38,11.94,-0.212,1774656231.025397
846440,13.18,0.38,11.96,-0.212,1774656231.0363972
846451,13.18,0.38,11.97,-0.211,1774656231.0473988
846462,13.18,0.38,11.98,-0.21,1774656231.0583973
846473,13.18,0.38,11.99,-0.21,1774656231.0694163
846484,13.26,0.38,12.0,-0.224,1774656231.0804157
846495,13.27,0.38,12.01,-0.219,1774656231.091415
846506,13.27,0.38,12.02,-0.217,1774656231.1024158
846517,13.27,0.38,12.03,-0.216,1774656231.1134167
846528,13.27,0.38,12.04,-0.216,1774656231.1244152
846539,13.27,0.38,12.05,-0.215,1774656231.1354158
846550,13.27,0.38,12.07,-0.214,1774656231.1464157
846561,13.27,0.38,12.08,-0.214,1774656231.1574154
846572,13.27,0.38,12.09,-0.213,1774656231.1684177
846583,13.27,0.38,12.1,-0.212,1774656231.1794157
846594,13.27,0.38,12.11,-0.212,1774656231.1904163
846605,13.27,0.38,12.12,-0.211,1774656231.2014267
846616,13.27,0.38,12.13,-0.21,1774656231.2128532
846627,13.27,0.38,12.14,-0.21,1774656231.2229042
846638,13.27,0.38,12.15,-0.209,1774656231.2339046
846649,13.27,0.38,12.16,-0.208,1774656231.2449045
846660,13.27,0.38,12.18,-0.208,1774656231.2559035
846671,13.27,0.38,12.19,-0.207,1774656231.267907
846682,13.27,0.38,12.2,-0.206,1774656231.278906
846693,13.27,0.38,12.21,-0.205,1774656231.2894843
846704,13.27,0.38,12.22,-0.205,1774656231.3004727
846715,13.27,0.38,12.23,-0.204,1774656231.311473
846726,13.27,0.38,12.24,-0.203,1774656231.3224723
846737,13.27,0.38,12.25,-0.202,1774656231.3334727
846748,13.27,0.38,12.26,-0.202,1774656231.3444736
846759,13.27,0.38,12.27,-0.201,1774656231.355473
846770,13.27,0.38,12.29,-0.2,1774656231.366475
846781,13.27,0.38,12.3,-0.199,1774656231.378491
846792,13.27,0.38,12.31,-0.199,1774656231.3885486
846803,13.27,0.38,12.32,-0.198,1774656231.3995507
846814,13.33,0.38,12.33,-0.208,1774656231.4105482
846825,13.36,0.38,12.34,-0.209,1774656231.4215486
846836,13.36,0.38,12.35,-0.205,1774656231.432548
846847,13.36,0.38,12.36,-0.204,1774656231.4435475
846858,13.36,0.38,12.37,-0.203,1774656231.4547865
846869,13.36,0.38,12.38,-0.203,1774656231.4655364
846880,13.36,0.38,12.4,-0.202,1774656231.476538
846891,13.36,0.38,12.41,-0.201,1774656231.4875393
846902,13.36,0.38,12.42,-0.2,1774656231.4985363
846913,13.36,0.38,12.43,-0.2,1774656231.509539
846925,13.36,0.38,12.44,-0.199,1774656231.5205367
846936,13.36,0.38,12.45,-0.198,1774656231.5313842
846947,13.36,0.38,12.46,-0.197,1774656231.5423834
846958,13.36,0.38,12.47,-0.197,1774656231.5533826
846969,13.36,0.38,12.48,-0.196,1774656231.5653846
846980,13.36,0.38,12.49,-0.195,1774656231.5763845
846991,13.36,0.38,12.51,-0.194,1774656231.5873854
847002,13.36,0.38,12.52,-0.193,1774656231.5983844
847013,13.36,0.38,12.53,-0.192,1774656231.6093833
847024,13.36,0.38,12.54,-0.192,1774656231.6203864
847035,13.36,0.38,12.55,-0.191,1774656231.6313846
847046,13.36,0.38,12.56,-0.19,1774656231.6423838
847057,13.36,0.38,12.57,-0.189,1774656231.653385
847068,13.42,0.38,12.58,-0.2,1774656231.6643844
847079,13.45,0.38,12.59,-0.2,1774656231.675384
847090,13.45,0.38,12.61,-0.196,1774656231.686385
847101,13.45,0.38,12.62,-0.195,1774656231.6973853
847112,13.45,0.38,12.63,-0.194,1774656231.7083836
847123,13.45,0.38,12.64,-0.194,1774656231.7193844
847134,13.45,0.38,12.65,-0.193,1774656231.730384
847145,13.45,0.38,12.66,-0.192,1774656231.7413852
847156,13.45,0.38,12.67,-0.191,1774656231.7523847
847167,13.45,0.38,12.68,-0.19,1774656231.763384
847178,13.45,0.38,12.69,-0.189,1774656231.774385
847189,13.45,0.38,12.7,-0.189,1774656231.7853837
847200,13.45,0.38,12.72,-0.188,1774656231.796383
847211,13.45,0.38,12.73,-0.187,1774656231.807383
847222,13.45,0.38,12.74,-0.186,1774656231.818871
847233,13.45,0.38,12.75,-0.185,1774656231.829212
847244,13.45,0.38,12.76,-0.184,1774656231.8402138
847255,13.45,0.38,12.77,-0.183,1774656231.8512123
847266,13.5,0.38,12.78,-0.194,1774656231.8622124
847277,13.54,0.38,12.79,-0.194,1774656231.8732123
847288,13.54,0.38,12.8,-0.19,1774656231.8842118
847299,13.54,0.38,12.81,-0.189,1774656231.8952117
847310,13.54,0.38,12.83,-0.188,1774656231.9067845
847321,13.54,0.38,12.84,-0.188,1774656231.9177847
847332,13.54,0.38,12.85,-0.187,1774656231.928496
847343,13.54,0.38,12.86,-0.186,1774656231.939483
847354,13.54,0.38,12.87,-0.185,1774656231.9504828
847365,13.54,0.38,12.88,-0.184,1774656231.9614823
847376,13.54,0.38,12.89,-0.183,1774656231.9724824
847387,13.54,0.38,12.9,-0.182,1774656231.9837108
847398,13.54,0.38,12.91,-0.181,1774656231.99509
847409,13.54,0.38,12.92,-0.18,1774656232.0060773
847420,13.54,0.38,12.94,-0.18,1774656232.0170774
847431,13.54,0.38,12.95,-0.179,1774656232.0280755
847442,13.54,0.38,12.96,-0.178,1774656232.039049
847453,13.54,0.38,12.97,-0.177,1774656232.0500503
847464,13.54,0.38,12.98,-0.176,1774656232.0610483
847475,13.54,0.38,12.99,-0.175,1774656232.072049
847487,13.62,0.38,13.0,-0.192,1774656232.0830493
847498,13.62,0.38,13.01,-0.183,1774656232.0940492
847509,13.62,0.38,13.02,-0.182,1774656232.1050487
847520,13.62,0.38,13.03,-0.181,1774656232.116049
847531,13.62,0.38,13.05,-0.18,1774656232.127049
847542,13.62,0.38,13.06,-0.179,1774656232.1379318
847553,13.62,0.38,13.07,-0.178,1774656232.148977
847564,13.62,0.38,13.08,-0.177,1774656232.1602619
847575,13.62,0.38,13.09,-0.176,1774656232.1712623
847586,13.62,0.38,13.1,-0.175,1774656232.182263
847597,13.62,0.38,13.11,-0.174,1774656232.1932678
847608,13.62,0.38,13.12,-0.173,1774656232.204263
847619,13.62,0.38,13.13,-0.172,1774656232.2152646
847630,13.62,0.38,13.15,-0.171,1774656232.2262628
847641,13.62,0.38,13.16,-0.17,1774656232.2372622
847652,13.62,0.38,13.17,-0.169,1774656232.2482626
847663,13.62,0.38,13.18,-0.169,1774656232.2592635
847674,13.62,0.38,13.19,-0.168,1774656232.2702632
847685,13.62,0.38,13.2,-0.167,1774656232.2812624
847696,13.62,0.38,13.21,-0.166,1774656232.2922645
847707,13.71,0.38,13.22,-0.182,1774656232.303262
847718,13.71,0.38,13.23,-0.173,1774656232.3142602
847729,13.71,0.38,13.24,-0.172,1774656232.325262
847740,13.71,0.38,13.26,-0.171,1774656232.3362632
847751,13.71,0.38,13.27,-0.17,1774656232.34726
847762,13.71,0.38,13.28,-0.169,1774656232.358264
847773,13.71,0.38,13.29,-0.168,1774656232.3692603
847784,13.71,0.38,13.3,-0.167,1774656232.380261
847795,13.71,0.38,13.31,-0.166,1774656232.3912604
847806,13.71,0.38,13.32,-0.165,1774656232.4018717
847817,13.71,0.38,13.33,-0.164,1774656232.4138744
847828,13.71,0.38,13.34,-0.163,1774656232.4248745
847839,13.71,0.38,13.35,-0.162,1774656232.4358747
847850,13.71,0.38,13.37,-0.161,1774656232.4469836
847861,13.71,0.38,13.38,-0.16,1774656232.4575744
847872,13.71,0.38,13.39,-0.159,1774656232.4682643
847883,13.71,0.38,13.4,-0.158,1774656232.4792607
847894,13.8,0.38,13.41,-0.175,1774656232.4902608
847905,13.8,0.38,13.42,-0.166,1774656232.5012622
847916,13.8,0.38,13.43,-0.165,1774656232.5122604
847927,13.8,0.38,13.44,-0.164,1774656232.5232608
847938,13.8,0.38,13.45,-0.163,1774656232.5348253
847949,13.8,0.38,13.46,-0.162,1774656232.5454082
847960,13.8,0.38,13.48,-0.161,1774656232.5564075
847971,13.8,0.38,13.49,-0.16,1774656232.5674071
847982,13.8,0.38,13.5,-0.159,1774656232.5784078
847993,13.8,0.38,13.51,-0.158,1774656232.5894082
848004,13.8,0.38,13.52,-0.156,1774656232.6004083
848015,13.8,0.38,13.53,-0.155,1774656232.6114078
848026,13.8,0.38,13.54,-0.154,1774656232.6224082
848037,13.83,0.38,13.55,-0.16,1774656232.6335547
848049,13.89,0.38,13.56,-0.167,1774656232.6445558
848060,13.89,0.38,13.57,-0.161,1774656232.6555567
848071,13.89,0.38,13.59,-0.16,1774656232.6665564
848082,13.89,0.38,13.6,-0.159,1774656232.677556
848093,13.89,0.38,13.61,-0.158,1774656232.6885555
848104,13.89,0.38,13.62,-0.157,1774656232.6995556
848115,13.89,0.38,13.63,-0.156,1774656232.7105558
848126,13.89,0.38,13.64,-0.154,1774656232.7215548
848137,13.89,0.38,13.65,-0.153,1774656232.732555
848148,13.89,0.38,13.66,-0.152,1774656232.7435555
848159,13.89,0.38,13.67,-0.151,1774656232.7545564
848170,13.89,0.38,13.69,-0.15,1774656232.7665582
848181,13.89,0.38,13.7,-0.149,1774656232.7765563
848192,13.89,0.38,13.71,-0.148,1774656232.7875552
848203,13.89,0.38,13.72,-0.147,1774656232.7985554
848214,13.89,0.38,13.73,-0.146,1774656232.8095572
848225,13.89,0.38,13.74,-0.145,1774656232.8205552
848236,13.97,0.38,13.75,-0.161,1774656232.8325381
848247,13.97,0.38,13.76,-0.152,1774656232.8435366
848258,13.97,0.38,13.77,-0.151,1774656232.854538
848269,13.97,0.38,13.78,-0.15,1774656232.8655388
848280,13.97,0.38,13.8,-0.149,1774656232.8765368
848291,13.97,0.38,13.81,-0.148,1774656232.8875396
848302,13.97,0.38,13.82,-0.147,1774656232.8985393
848313,13.97,0.38,13.83,-0.146,1774656232.9095402
848324,13.97,0.38,13.84,-0.145,1774656232.9205387
848335,13.97,0.38,13.85,-0.144,1774656232.931604
848346,13.97,0.38,13.86,-0.142,1774656232.9426045
848357,13.97,0.38,13.87,-0.141,1774656232.9536052
848368,13.97,0.38,13.88,-0.14,1774656232.9646044
848379,13.97,0.38,13.89,-0.139,1774656232.9756024
848390,13.97,0.38,13.91,-0.138,1774656232.9866037
848401,12.76,0.35,13.92,0.106,1774656232.9976041
848412,13.48,0.37,13.93,-0.151,1774656233.0086038
848423,13.44,0.37,13.94,-0.075,1774656233.0196047
848434,13.77,0.38,13.95,-0.142,1774656233.0306034
848445,12.84,0.35,13.96,0.076,1774656233.0411658
848456,13.22,0.36,13.97,-0.087,1774656233.052165
848467,13.08,0.36,13.98,-0.02,1774656233.063165
848478,13.36,0.37,13.99,-0.09,1774656233.0741656
848489,13.71,0.37,14.0,-0.13,1774656233.085165
848500,13.09,0.36,14.02,0.026,1774656233.096165
848511,13.71,0.37,14.03,-0.154,1774656233.1071663
848522,13.43,0.37,14.04,-0.037,1774656233.1181657
848533,13.15,0.36,14.05,-0.006,1774656233.1297295
848544,12.94,0.35,14.06,0.009,1774656233.140699
848555,12.74,0.35,14.07,0.031,1774656233.1516986
848566,12.74,0.35,14.08,0.014,1774656233.1626985
848577,12.74,0.35,14.09,0.016,1774656233.1736999
848588,12.74,0.35,14.1,0.017,1774656233.184699
848599,12.74,0.35,14.11,0.019,1774656233.1956995
848610,12.74,0.35,14.13,0.021,1774656233.2066984
848622,12.74,0.35,14.14,0.022,1774656233.2176988
848633,12.74,0.35,14.15,0.024,1774656233.2286987
848644,12.74,0.35,14.16,0.026,1774656233.2396994
848655,12.74,0.35,14.17,0.027,1774656233.2509167
848666,12.74,0.35,14.18,0.029,1774656233.2619157
848677,12.74,0.35,14.19,0.031,1774656233.2729163
848688,12.74,0.35,14.2,0.032,1774656233.2839181
848699,12.74,0.35,14.21,0.034,1774656233.2949157
848710,12.74,0.35,14.22,0.036,1774656233.3059149
848721,12.74,0.35,14.24,0.037,1774656233.316915
848732,12.74,0.35,14.25,0.039,1774656233.3279154
848743,12.74,0.35,14.26,0.041,1774656233.3389156
848754,12.74,0.35,14.27,0.043,1774656233.3499162
848765,12.74,0.35,14.28,0.044,1774656233.3609161
848776,12.74,0.35,14.29,0.046,1774656233.3719153
848787,12.74,0.35,14.3,0.048,1774656233.382915
848798,12.74,0.35,14.31,0.05,1774656233.393916
848809,12.81,0.35,14.32,0.037,1774656233.4049158
848820,12.83,0.35,14.34,0.042,1774656233.4159145
848831,12.83,0.35,14.35,0.045,1774656233.426916
848842,12.83,0.35,14.36,0.047,1774656233.4377573
848853,12.83,0.35,14.37,0.049,1774656233.449428
848864,12.83,0.35,14.38,0.051,1774656233.460436
848875,12.83,0.35,14.39,0.052,1774656233.471436
848886,12.83,0.35,14.4,0.054,1774656233.4824364
848897,12.83,0.35,14.41,0.056,1774656233.493436
848908,12.83,0.35,14.42,0.058,1774656233.5044355
848919,12.89,0.35,14.43,0.048,1774656233.5154371
848930,12.92,0.35,14.45,0.049,1774656233.5264368
848941,12.92,0.35,14.46,0.053,1774656233.536918
848952,12.92,0.35,14.47,0.055,1774656233.547918
848963,12.92,0.35,14.48,0.057,1774656233.5589192
848974,12.92,0.35,14.49,0.059,1774656233.5699205
848985,12.92,0.35,14.5,0.06,1774656233.581921
848996,12.92,0.35,14.51,0.062,1774656233.5919201
849007,12.92,0.35,14.52,0.064,1774656233.603921
849018,12.96,0.35,14.53,0.059,1774656233.61492
849029,13.01,0.35,14.54,0.053,1774656233.6259205
849040,13.01,0.35,14.56,0.06,1774656233.6369212
849051,13.01,0.35,14.57,0.062,1774656233.64792
849062,13.01,0.35,14.58,0.063,1774656233.6589184
849073,13.01,0.35,14.59,0.065,1774656233.6699214
849084,13.01,0.35,14.6,0.067,1774656233.6809204
849095,13.01,0.35,14.61,0.069,1774656233.6919196
849106,13.01,0.35,14.62,0.07,1774656233.7025256
849117,13.06,0.35,14.63,0.061,1774656233.7135243
849128,13.1,0.35,14.64,0.062,1774656233.7245243
849139,13.1,0.35,14.65,0.066,1774656233.735525
849150,13.1,0.35,14.67,0.068,1774656233.7465248
849161,13.1,0.35,14.68,0.07,1774656233.7575245
849172,13.1,0.35,14.69,0.071,1774656233.7685254
849184,13.1,0.35,14.7,0.073,1774656233.7795267
849195,13.1,0.35,14.71,0.075,1774656233.7905254
849206,13.1,0.35,14.72,0.077,1774656233.8015242
849217,13.1,0.35,14.73,0.078,1774656233.8133535
849228,13.18,0.35,14.74,0.063,1774656233.824139
849239,13.18,0.35,14.75,0.073,1774656233.8346531
849250,13.18,0.35,14.76,0.074,1774656233.8456542
849261,13.18,0.35,14.78,0.076,1774656233.856653
849272,13.18,0.35,14.79,0.078,1774656233.8676534
849283,13.18,0.35,14.8,0.08,1774656233.8786535
849294,13.18,0.35,14.81,0.081,1774656233.8896568
849305,13.18,0.35,14.82,0.083,1774656233.9006555
849316,13.27,0.36,14.83,0.067,1774656233.911654
849327,13.27,0.36,14.84,0.077,1774656233.9226542
849338,13.27,0.36,14.85,0.079,1774656233.9336536
849349,13.27,0.36,14.86,0.081,1774656233.944656
849360,13.27,0.36,14.88,0.083,1774656233.9556673
849371,13.27,0.36,14.89,0.084,1774656233.966666
849382,13.27,0.36,14.9,0.086,1774656233.97867
849393,13.27,0.36,14.91,0.088,1774656233.9895258
849404,13.27,0.36,14.92,0.09,1774656233.9996817
849415,13.34,0.36,14.93,0.078,1774656234.0116806
849426,13.36,0.36,14.94,0.082,1774656234.0226834
849437,13.36,0.36,14.95,0.086,1774656234.033682
849448,13.36,0.36,14.96,0.087,1774656234.043907
849459,13.36,0.36,14.97,0.089,1774656234.0549066
849470,13.36,0.36,14.99,0.091,1774656234.065907
849481,13.36,0.36,15.0,0.093,1774656234.0779068
849492,13.36,0.36,15.01,0.094,1774656234.0884387
849503,13.36,0.36,15.02,0.096,1774656234.099429
849514,13.45,0.36,15.03,0.081,1774656234.1104279
849525,13.45,0.36,15.04,0.09,1774656234.1214275
849536,13.45,0.36,15.05,0.092,1774656234.1324272
849547,13.45,0.36,15.06,0.094,1774656234.143428
849558,13.45,0.36,15.07,0.096,1774656234.1544285
849569,13.45,0.36,15.08,0.098,1774656234.1655245
849580,13.53,0.36,15.1,0.083,1774656234.1763442
849591,13.54,0.36,15.11,0.091,1774656234.1873431
849602,13.54,0.36,15.12,0.094,1774656234.1983452
849613,13.54,0.36,15.13,0.095,1774656234.2093437
849624,13.54,0.36,15.14,0.097,1774656234.2203434
849635,13.54,0.36,15.15,0.099,1774656234.2313435
849646,13.54,0.36,15.16,0.101,1774656234.2423437
849657,13.54,0.36,15.17,0.102,1774656234.2533433
849668,13.62,0.36,15.18,0.087,1774656234.2643437
849679,13.62,0.36,15.19,0.096,1774656234.2753468
849690,13.62,0.36,15.21,0.098,1774656234.2863426
849701,13.62,0.36,15.22,0.1,1774656234.297908
849712,13.62,0.36,15.23,0.102,1774656234.3089166
849723,13.62,0.36,15.24,0.103,1774656234.3199084
849735,13.62,0.36,15.25,0.105,1774656234.3309076
849746,13.66,0.36,15.26,0.1,1774656234.341906
849757,13.71,0.36,15.27,0.095,1774656234.3529067
849768,13.71,0.36,15.28,0.101,1774656234.3639069
849779,13.71,0.36,15.29,0.103,1774656234.3749073
849790,13.71,0.36,15.3,0.105,1774656234.3859062
849801,13.71,0.36,15.32,0.106,1774656234.396906
849812,13.71,0.36,15.33,0.108,1774656234.4079053
849823,13.77,0.36,15.34,0.099,1774656234.418908
849834,13.8,0.36,15.35,0.099,1774656234.429906
849845,13.8,0.36,15.36,0.104,1774656234.4409065
849856,13.8,0.36,15.37,0.106,1774656234.452033
849867,13.8,0.36,15.38,0.108,1774656234.462678
849878,13.8,0.36,15.39,0.109,1774656234.4742763
849889,13.8,0.36,15.4,0.111,1774656234.4852757
849900,13.8,0.36,15.42,0.113,1774656234.4962754
849911,13.88,0.37,15.43,0.098,1774656234.5072753
849922,13.89,0.37,15.44,0.107,1774656234.5182762
849933,13.89,0.37,15.45,0.109,1774656234.529276
849944,13.89,0.37,15.46,0.111,1774656234.540276
849955,13.89,0.37,15.47,0.112,1774656234.5512753
849966,13.89,0.37,15.48,0.114,1774656234.562276
849977,13.89,0.37,15.49,0.116,1774656234.5732756
849988,13.96,0.37,15.5,0.104,1774656234.5842752
849999,13.97,0.37,15.51,0.108,1774656234.5952744
850010,13.97,0.37,15.53,0.112,1774656234.6062748
850021,13.97,0.37,15.54,0.113,1774656234.617273
850032,13.97,0.37,15.55,0.115,1774656234.6282744
850043,13.97,0.37,15.56,0.117,1774656234.6393607
850054,13.97,0.37,15.57,0.119,1774656234.6503627
850065,13.97,0.37,15.58,0.12,1774656234.661365
850076,13.97,0.37,15.59,0.122,1774656234.6723623
850086,13.97,0.37,15.6,0.122,1774656234.6823645
850097,14.06,0.37,15.61,0.107,1774656234.6933622
850107,14.06,0.37,15.62,0.116,1774656234.7033617
850117,14.06,0.37,15.63,0.118,1774656234.7133615
850127,14.15,0.37,15.64,0.102,1774656234.7233634
850137,14.15,0.37,15.65,0.112,1774656234.733361
850147,14.15,0.37,15.66,0.114,1774656234.7433617
850157,14.15,0.37,15.67,0.116,1774656234.7533607
850167,14.15,0.37,15.68,0.117,1774656234.763361
850177,14.15,0.37,15.69,0.119,1774656234.773361
850187,14.15,0.37,15.7,0.121,1774656234.7833614
850197,14.15,0.37,15.71,0.123,1774656234.793362
850208,14.15,0.37,15.72,0.124,1774656234.8043609
850219,14.15,0.37,15.73,0.126,1774656234.815362
850230,14.15,0.37,15.75,0.128,1774656234.8263614
850241,14.22,0.37,15.76,0.116,1774656234.8373613
850252,14.24,0.37,15.77,0.12,1774656234.8483617
850263,14.24,0.37,15.78,0.124,1774656234.860363
850274,14.24,0.37,15.79,0.126,1774656234.8703613
850285,14.24,0.37,15.8,0.127,1774656234.881362
850297,14.24,0.37,15.81,0.129,1774656234.8923607
850308,14.32,0.37,15.82,0.115,1774656234.903361
850319,14.33,0.37,15.83,0.123,1774656234.914361
850330,14.33,0.37,15.84,0.125,1774656234.9253623
850341,14.33,0.37,15.86,0.127,1774656234.9363613
850352,14.33,0.37,15.87,0.128,1774656234.948364
850363,14.33,0.37,15.88,0.13,1774656234.9593632
850374,14.33,0.37,15.89,0.132,1774656234.9693608
850385,14.33,0.37,15.9,0.134,1774656234.9803615
850396,14.33,0.37,15.91,0.135,1774656234.9923654
850407,14.41,0.37,15.92,0.119,1774656235.0033643
850418,14.41,0.37,15.93,0.129,1774656235.0143619
850429,14.41,0.37,15.94,0.131,1774656235.0253632
850440,14.41,0.37,15.95,0.133,1774656235.0363636
850451,14.45,0.38,15.97,0.128,1774656235.046942
850462,14.5,0.38,15.98,0.122,1774656235.057942
850473,14.5,0.38,15.99,0.129,1774656235.068942
850484,14.5,0.38,16.0,0.131,1774656235.0799422
850495,14.5,0.38,16.01,0.132,1774656235.0909426
850506,14.5,0.38,16.02,0.134,1774656235.1019418
850517,14.5,0.38,16.03,0.136,1774656235.1129422
850528,14.5,0.38,16.04,0.137,1774656235.1239426
850539,14.5,0.38,16.05,0.139,1774656235.1349425
850550,14.5,0.38,16.07,0.141,1774656235.1459417
850561,14.59,0.38,16.08,0.125,1774656235.1569421
850572,14.59,0.38,16.09,0.135,1774656235.1680758
850583,14.59,0.38,16.1,0.137,1774656235.179076
850594,14.59,0.38,16.11,0.138,1774656235.1900787
850605,14.59,0.38,16.12,0.14,1774656235.2010765
850616,14.59,0.38,16.13,0.142,1774656235.2120762
850627,14.68,0.38,16.14,0.126,1774656235.2230759
850638,14.68,0.38,16.15,0.136,1774656235.2340767
850649,14.68,0.38,16.16,0.138,1774656235.245078
850660,14.68,0.38,16.18,0.139,1774656235.2560763
850671,14.68,0.38,16.19,0.141,1774656235.2670755
850682,14.68,0.38,16.2,0.143,1774656235.278077
850693,14.68,0.38,16.21,0.145,1774656235.2896569
850704,14.68,0.38,16.22,0.146,1774656235.3006551
850715,14.77,0.38,16.23,0.131,1774656235.311656
850726,14.77,0.38,16.24,0.14,1774656235.322655
850737,14.77,0.38,16.25,0.142,1774656235.3336577
850748,14.77,0.38,16.26,0.144,1774656235.344656
850759,14.77,0.38,16.27,0.146,1774656235.3556554
850770,14.77,0.38,16.29,0.147,1774656235.3666542
850781,14.85,0.38,16.3,0.132,1774656235.377653
850792,14.85,0.38,16.31,0.141,1774656235.3886573
850803,14.85,0.38,16.32,0.143,1774656235.399221
850814,14.85,0.38,16.33,0.145,1774656235.4102225
850825,14.85,0.38,16.34,0.147,1774656235.421221
850836,14.85,0.38,16.35,0.148,1774656235.4322205
850847,14.85,0.38,16.36,0.15,1774656235.4432216
850858,14.85,0.38,16.37,0.152,1774656235.4543424
850869,14.92,0.38,16.38,0.14,1774656235.4653432
850881,14.94,0.38,16.4,0.144,1774656235.476345
850892,14.94,0.38,16.41,0.148,1774656235.4873433
850903,14.94,0.38,16.42,0.149,1774656235.4983432
850914,14.94,0.38,16.43,0.151,1774656235.5103447
850925,14.94,0.38,16.44,0.153,1774656235.5203435
850936,14.94,0.38,16.45,0.154,1774656235.5323443
850947,15.03,0.38,16.46,0.139,1774656235.543344
850958,15.03,0.38,16.47,0.148,1774656235.5543463
850969,15.03,0.38,16.48,0.15,1774656235.565345
850980,15.03,0.38,16.49,0.152,1774656235.5763457
850991,15.03,0.38,16.51,0.154,1774656235.5873458
851002,15.11,0.39,16.52,0.138,1774656235.598345
851013,15.12,0.39,16.53,0.147,1774656235.6093457
851024,15.12,0.39,16.54,0.149,1774656235.6203482
851035,15.12,0.39,16.55,0.151,1774656235.6313455
851046,15.12,0.39,16.56,0.153,1774656235.6423442
851057,15.12,0.39,16.57,0.154,1774656235.6533449
851068,15.12,0.39,16.58,0.156,1774656235.6643455
851079,15.12,0.39,16.59,0.158,1774656235.6753454
851090,15.12,0.39,16.61,0.16,1774656235.686346
851101,15.12,0.39,16.62,0.161,1774656235.6973436
851112,15.2,0.39,16.63,0.145,1774656235.7083457
851123,15.29,0.39,16.64,0.138,1774656235.7193456
851134,15.29,0.39,16.65,0.148,1774656235.7303455
851145,15.29,0.39,16.66,0.149,1774656235.7409024
851156,15.29,0.39,16.67,0.151,1774656235.7519033
851167,15.29,0.39,16.68,0.153,1774656235.7629037
851178,15.29,0.39,16.69,0.154,1774656235.7739031
851189,15.29,0.39,16.7,0.156,1774656235.7849023
851200,15.29,0.39,16.72,0.158,1774656235.7959027
851211,15.29,0.39,16.73,0.159,1774656235.806903
851222,15.29,0.39,16.74,0.161,1774656235.817903
851233,15.29,0.39,16.75,0.163,1774656235.8298726
851244,15.29,0.39,16.76,0.164,1774656235.8401453
851255,15.38,0.39,16.77,0.149,1774656235.8511312
851266,15.38,0.39,16.78,0.158,1774656235.8621302
851277,15.38,0.39,16.79,0.16,1774656235.8731315
851288,15.38,0.39,16.8,0.162,1774656235.8841295
851299,15.38,0.39,16.81,0.164,1774656235.8951309
851310,15.38,0.39,16.83,0.165,1774656235.906129
851321,15.38,0.39,16.84,0.167,1774656235.9171314
851332,14.17,0.36,16.85,0.412,1774656235.9281304
851343,14.77,0.37,16.86,0.179,1774656235.9391303
851354,16.1,0.41,16.87,-0.03,1774656235.9501314
851365,17.24,0.43,16.88,-0.129,1774656235.962131
851376,17.16,0.43,16.89,-0.005,1774656235.9721293
851387,16.08,0.4,16.9,0.205,1774656235.983132
851398,17.74,0.44,16.91,-0.126,1774656235.9951317
851409,17.65,0.44,16.92,-0.051,1774656236.0058186
851420,17.9,0.45,16.94,-0.111,1774656236.0166461
851431,18.05,0.45,16.95,-0.114,1774656236.027646
851442,17.93,0.45,16.96,-0.077,1774656236.0386608
851454,17.84,0.45,16.97,-0.069,1774656236.0496647
851465,17.84,0.45,16.98,-0.077,1774656236.0606644
851476,17.84,0.45,16.99,-0.076,1774656236.0716631
851487,17.84,0.45,17.0,-0.075,1774656236.0826612
851498,17.84,0.45,17.01,-0.074,1774656236.0936618
851509,17.84,0.45,17.02,-0.073,1774656236.1052382
851520,17.84,0.45,17.03,-0.073,1774656236.1162386
851531,17.84,0.44,17.05,-0.072,1774656236.1272364
851542,17.84,0.44,17.06,-0.071,1774656236.138239
851553,17.84,0.44,17.07,-0.07,1774656236.1492388
851564,17.84,0.44,17.08,-0.069,1774656236.1602366
851575,17.84,0.44,17.09,-0.068,1774656236.1712005
851586,17.84,0.44,17.1,-0.068,1774656236.181717
851597,17.84,0.44,17.11,-0.067,1774656236.1927168
851608,17.84,0.44,17.12,-0.066,1774656236.2037153
851619,17.84,0.44,17.13,-0.065,1774656236.2147155
851630,17.84,0.44,17.15,-0.064,1774656236.2257183
851641,17.84,0.44,17.16,-0.063,1774656236.2367156
851652,17.84,0.44,17.17,-0.062,1774656236.2478516
851663,17.84,0.44,17.18,-0.061,1774656236.2588534
851674,17.84,0.44,17.19,-0.061,1774656236.2698522
851685,17.84,0.44,17.2,-0.06,1774656236.2808535
851696,17.84,0.44,17.21,-0.059,1774656236.2918527
851707,17.84,0.44,17.22,-0.058,1774656236.3028514
851718,17.84,0.44,17.23,-0.057,1774656236.3138518
851729,17.93,0.45,17.24,-0.073,1774656236.3248513
851740,17.93,0.45,17.26,-0.065,1774656236.3358517
851751,17.93,0.45,17.27,-0.064,1774656236.3468513
851762,17.93,0.44,17.28,-0.063,1774656236.3584507
851773,17.93,0.44,17.29,-0.062,1774656236.3694513
851784,17.93,0.44,17.3,-0.061,1774656236.3804526
851795,17.93,0.44,17.31,-0.06,1774656236.3914518
851806,17.93,0.44,17.32,-0.059,1774656236.402452
851817,17.93,0.44,17.33,-0.058,1774656236.4134512
851828,17.93,0.44,17.34,-0.057,1774656236.4244528
851839,17.93,0.44,17.35,-0.057,1774656236.43545
851850,17.93,0.44,17.37,-0.056,1774656236.446458
851861,17.93,0.44,17.38,-0.055,1774656236.4576106
851872,17.93,0.44,17.39,-0.054,1774656236.4682045
851883,17.93,0.44,17.4,-0.053,1774656236.4792042
851894,17.93,0.44,17.41,-0.052,1774656236.4902053
851905,17.93,0.44,17.42,-0.051,1774656236.501205
851916,17.93,0.44,17.43,-0.05,1774656236.5130923
851927,17.93,0.44,17.44,-0.049,1774656236.5240645
851938,17.93,0.44,17.45,-0.048,1774656236.5350645
851949,17.93,0.44,17.46,-0.047,1774656236.5450683
851960,18.02,0.44,17.48,-0.064,1774656236.5560687
851971,18.02,0.44,17.49,-0.055,1774656236.568071
851982,18.02,0.44,17.5,-0.054,1774656236.579071
851993,18.02,0.44,17.51,-0.053,1774656236.5900705
852004,18.02,0.44,17.52,-0.052,1774656236.600599
852015,18.02,0.44,17.53,-0.051,1774656236.6115992
852027,18.02,0.44,17.54,-0.05,1774656236.6225994
852038,18.02,0.44,17.55,-0.049,1774656236.633599
852049,18.02,0.44,17.56,-0.048,1774656236.644599
852060,18.02,0.44,17.57,-0.047,1774656236.6555994
852071,18.02,0.44,17.59,-0.046,1774656236.6665988
852082,18.02,0.44,17.6,-0.045,1774656236.6775997
852093,18.02,0.44,17.61,-0.044,1774656236.6885998
852104,18.02,0.44,17.62,-0.043,1774656236.6995993
852115,18.02,0.44,17.63,-0.042,1774656236.7105997
852126,18.02,0.44,17.64,-0.041,1774656236.7215996
852137,18.02,0.44,17.65,-0.04,1774656236.7325993
852148,18.02,0.44,17.66,-0.039,1774656236.7436
852159,18.07,0.44,17.67,-0.05,1774656236.7545989
852170,18.11,0.44,17.68,-0.05,1774656236.7655988
852181,18.11,0.44,17.7,-0.046,1774656236.7766
852192,18.11,0.44,17.71,-0.045,1774656236.7875986
852203,18.11,0.44,17.72,-0.044,1774656236.798599
852214,18.11,0.44,17.73,-0.043,1774656236.8106008
852225,18.11,0.44,17.74,-0.042,1774656236.8205988
852236,18.11,0.44,17.75,-0.041,1774656236.8315985
852247,18.11,0.44,17.76,-0.04,1774656236.8425994
852258,18.11,0.44,17.77,-0.039,1774656236.8536024
852269,18.11,0.44,17.78,-0.038,1774656236.8656013
852280,18.11,0.44,17.8,-0.037,1774656236.8766003
852291,18.11,0.44,17.81,-0.036,1774656236.8876016
852302,18.11,0.44,17.82,-0.035,1774656236.8986034
852313,18.11,0.44,17.83,-0.034,1774656236.9095998
852324,18.11,0.44,17.84,-0.033,1774656236.9206018
852335,18.11,0.44,17.85,-0.032,1774656236.9316008
852346,18.11,0.44,17.86,-0.03,1774656236.9426
852357,18.11,0.44,17.87,-0.029,1774656236.9536018
852368,18.18,0.44,17.88,-0.044,1774656236.964602
852379,18.19,0.44,17.89,-0.038,1774656236.9756002
852390,18.19,0.44,17.91,-0.036,1774656236.9866016
852401,18.19,0.44,17.92,-0.035,1774656236.9971552
852412,18.19,0.44,17.93,-0.034,1774656237.0081549
852423,18.19,0.44,17.94,-0.033,1774656237.019155
852434,18.19,0.44,17.95,-0.032,1774656237.0301557
852445,18.19,0.44,17.96,-0.03,1774656237.0417082
852456,18.19,0.44,17.97,-0.029,1774656237.0527096
852467,18.19,0.44,17.98,-0.028,1774656237.0637097
852478,18.19,0.44,17.99,-0.027,1774656237.0747094
852489,18.19,0.44,18.0,-0.026,1774656237.0857096
852500,18.19,0.44,18.02,-0.025,1774656237.0967095
852511,18.19,0.44,18.03,-0.024,1774656237.1077092
852522,18.19,0.44,18.04,-0.023,1774656237.1187105
852533,18.19,0.44,18.05,-0.022,1774656237.1297097
852544,18.19,0.44,18.06,-0.021,1774656237.1407092
852555,17.35,0.42,18.07,0.149,1774656237.151709
852566,17.34,0.42,18.08,0.071,1774656237.1627066
852577,17.36,0.42,18.09,0.07,1774656237.1737075
852588,17.27,0.42,18.1,0.09,1774656237.1847095
852599,17.14,0.42,18.11,0.109,1774656237.1957073
852610,17.28,0.42,18.13,0.071,1774656237.2067072
852622,17.31,0.42,18.14,0.078,1774656237.2177067
852633,17.23,0.42,18.15,0.1,1774656237.228707
852644,17.23,0.42,18.16,0.094,1774656237.239276
852655,17.31,0.42,18.17,0.078,1774656237.2502732
852666,17.31,0.42,18.18,0.087,1774656237.261276
852677,17.31,0.42,18.19,0.089,1774656237.2722728
852688,17.31,0.42,18.2,0.09,1774656237.2842753
852699,17.31,0.42,18.21,0.092,1774656237.2952766
852710,17.31,0.42,18.22,0.093,1774656237.3062751
852721,17.31,0.42,18.24,0.095,1774656237.3172753
852732,17.31,0.42,18.25,0.096,1774656237.328275
852743,17.31,0.42,18.26,0.098,1774656237.3389578
852754,17.31,0.42,18.27,0.099,1774656237.3499482
852765,17.31,0.42,18.28,0.101,1774656237.3609483
852776,17.31,0.42,18.29,0.102,1774656237.3719487
852787,17.31,0.42,18.3,0.104,1774656237.3829482
852798,17.31,0.42,18.31,0.105,1774656237.3939493
852809,17.31,0.42,18.32,0.107,1774656237.4049473
852820,17.31,0.42,18.34,0.108,1774656237.4159486
852831,17.31,0.42,18.35,0.11,1774656237.4269478
852842,17.31,0.42,18.36,0.111,1774656237.4379473
852853,17.31,0.42,18.37,0.113,1774656237.4495695
852864,17.31,0.42,18.38,0.114,1774656237.4600835
852875,17.37,0.42,18.39,0.105,1774656237.4716158
852886,17.4,0.42,18.4,0.105,1774656237.4817617
852897,17.4,0.42,18.41,0.11,1774656237.4933407
852908,17.4,0.42,18.42,0.111,1774656237.5043402
852919,17.4,0.42,18.43,0.113,1774656237.5153413
852930,17.4,0.42,18.45,0.114,1774656237.5263414
852941,17.4,0.42,18.46,0.116,1774656237.53734
852952,17.4,0.42,18.47,0.117,1774656237.5477653
852963,17.46,0.42,18.48,0.108,1774656237.5597672
852974,17.49,0.42,18.49,0.108,1774656237.5707688
852985,17.49,0.42,18.5,0.113,1774656237.5817678
852996,17.49,0.42,18.51,0.114,1774656237.5927665
853007,17.49,0.42,18.52,0.116,1774656237.6037683
853018,17.49,0.42,18.53,0.117,1774656237.6147692
853029,17.53,0.42,18.54,0.112,1774656237.6257677
853040,17.58,0.43,18.56,0.106,1774656237.6367695
853051,17.58,0.43,18.57,0.113,1774656237.6477683
853062,17.58,0.43,18.58,0.114,1774656237.658766
853073,17.58,0.43,18.59,0.116,1774656237.6697679
853084,17.58,0.43,18.6,0.117,1774656237.680768
853095,17.58,0.43,18.61,0.119,1774656237.6917677
853106,17.66,0.43,18.62,0.103,1774656237.702768
853117,17.75,0.43,18.63,0.095,1774656237.7137682
853128,17.75,0.43,18.64,0.104,1774656237.7247674
853139,17.75,0.43,18.65,0.106,1774656237.735769
853150,17.75,0.43,18.67,0.108,1774656237.7467678
853161,17.75,0.43,18.68,0.109,1774656237.7577677
853172,17.75,0.43,18.69,0.111,1774656237.7687676
853183,17.75,0.43,18.7,0.112,1774656237.7797678
853195,17.75,0.43,18.71,0.114,1774656237.7907689
853206,17.75,0.43,18.72,0.115,1774656237.8017664
853217,17.75,0.43,18.73,0.117,1774656237.8127668
853228,17.75,0.43,18.74,0.118,1774656237.824101
853239,17.75,0.43,18.75,0.12,1774656237.8348114
853250,17.84,0.43,18.76,0.104,1774656237.8460314
853261,17.84,0.43,18.78,0.113,1774656237.8570337
853272,17.84,0.43,18.79,0.115,1774656237.868033
853283,17.84,0.43,18.8,0.116,1774656237.8790321
853294,17.84,0.43,18.81,0.118,1774656237.890032
853305,17.92,0.43,18.82,0.103,1774656237.9005456
853316,17.93,0.43,18.83,0.111,1774656237.9115458
853327,17.93,0.43,18.84,0.113,1774656237.9225461
853338,17.93,0.43,18.85,0.114,1774656237.9335477
853349,17.93,0.43,18.86,0.116,1774656237.9451153
853360,17.93,0.43,18.87,0.117,1774656237.956115
853371,18.01,0.43,18.89,0.102,1774656237.9671128
853382,18.02,0.43,18.9,0.111,1774656237.9781141
853393,18.02,0.43,18.91,0.113,1774656237.9891152
853404,18.02,0.43,18.92,0.114,1774656238.000191
853415,18.02,0.43,18.93,0.116,1774656238.0114148
853426,18.02,0.43,18.94,0.117,1774656238.022414
853437,18.09,0.43,18.95,0.103,1774656238.0334144
853448,18.11,0.43,18.96,0.11,1774656238.0438173
853459,18.11,0.43,18.97,0.112,1774656238.0548136
853470,18.11,0.43,18.99,0.114,1774656238.0658138
853481,18.11,0.43,19.0,0.115,1774656238.0778165
853492,18.11,0.43,19.01,0.117,1774656238.0878136
853503,18.11,0.43,19.02,0.118,1774656238.0988147
853514,18.19,0.44,19.03,0.102,1774656238.110815
853525,18.19,0.44,19.04,0.112,1774656238.1208146
853536,18.19,0.44,19.05,0.113,1774656238.1318133
853547,18.19,0.44,19.06,0.115,1774656238.143826
853558,18.26,0.44,19.07,0.102,1774656238.1538222
853569,18.28,0.44,19.08,0.107,1774656238.1658251
853580,18.28,0.44,19.1,0.11,1774656238.1768234
853591,18.28,0.44,19.11,0.111,1774656238.1877966
853602,18.28,0.44,19.12,0.113,1774656238.198798
853613,18.28,0.44,19.13,0.114,1774656238.209798
853624,18.28,0.44,19.14,0.116,1774656238.2207975
853635,18.37,0.44,19.15,0.1,1774656238.2317967
853646,18.37,0.44,19.16,0.109,1774656238.2423542
853657,18.37,0.44,19.17,0.111,1774656238.2533534
853668,18.37,0.44,19.18,0.112,1774656238.264353
853679,18.37,0.44,19.19,0.114,1774656238.275356
853690,18.37,0.44,19.21,0.115,1774656238.2863526
853701,18.4,0.44,19.22,0.109,1774656238.297353
853712,18.46,0.44,19.23,0.104,1774656238.308355
853723,18.46,0.44,19.24,0.11,1774656238.319356
853734,18.46,0.44,19.25,0.112,1774656238.330354
853745,18.46,0.44,19.26,0.113,1774656238.341806
853756,18.46,0.44,19.27,0.114,1774656238.3528078
853767,18.51,0.44,19.28,0.105,1774656238.3638062
853779,18.54,0.44,19.29,0.105,1774656238.3748066
853790,18.54,0.44,19.3,0.109,1774656238.3858082
853801,18.54,0.44,19.32,0.111,1774656238.3968048
853812,18.54,0.44,19.33,0.112,1774656238.4078057
853823,18.54,0.44,19.34,0.114,1774656238.418805
853834,18.54,0.44,19.35,0.115,1774656238.429804
853845,18.62,0.44,19.36,0.101,1774656238.4408064
853856,18.63,0.44,19.37,0.108,1774656238.4515731
853867,18.63,0.44,19.38,0.11,1774656238.4625728
853878,18.63,0.44,19.39,0.112,1774656238.4741998
853889,18.71,0.44,19.4,0.098,1774656238.4852002
853900,18.72,0.44,19.41,0.104,1774656238.4961996
853911,18.72,0.44,19.43,0.107,1774656238.5072
853922,18.72,0.44,19.44,0.108,1774656238.5181994
853933,18.72,0.44,19.45,0.109,1774656238.5291996
853944,18.72,0.44,19.46,0.111,1774656238.5401998
853955,18.72,0.44,19.47,0.112,1774656238.5512
853966,18.72,0.44,19.48,0.114,1774656238.5622027
853977,18.72,0.44,19.49,0.115,1774656238.5732
853988,18.88,0.45,19.5,0.085,1774656238.5841994
853999,18.9,0.45,19.51,0.098,1774656238.5951982
854010,18.9,0.45,19.53,0.101,1774656238.6061993
854021,18.9,0.45,19.54,0.102,1774656238.6171987
854032,18.9,0.45,19.55,0.103,1774656238.6282003
854043,18.9,0.45,19.56,0.105,1774656238.6392
854054,18.9,0.45,19.57,0.106,1774656238.6501987
854065,18.9,0.45,19.58,0.108,1774656238.6611986
854076,18.9,0.45,19.59,0.109,1774656238.6721978
854087,18.9,0.45,19.6,0.11,1774656238.683199
854098,18.98,0.45,19.61,0.095,1774656238.6941996
854109,18.98,0.45,19.62,0.104,1774656238.7052002
854120,18.98,0.45,19.64,0.105,1774656238.716198
854131,18.98,0.45,19.65,0.107,1774656238.7271996
854142,19.07,0.45,19.66,0.091,1774656238.7381985
854153,19.07,0.45,19.67,0.1,1774656238.7491987
854164,19.07,0.45,19.68,0.102,1774656238.7602015
854175,19.07,0.45,19.69,0.103,1774656238.7711983
854186,19.07,0.45,19.7,0.104,1774656238.7821987
854197,19.07,0.45,19.71,0.106,1774656238.7931993
854208,19.07,0.45,19.72,0.107,1774656238.8041975
854219,19.07,0.45,19.73,0.108,1774656238.8151977
854230,19.13,0.45,19.75,0.099,1774656238.8261979
854241,19.16,0.45,19.76,0.099,1774656238.8371973
854252,19.16,0.45,19.77,0.103,1774656238.8487597
854263,19.16,0.45,19.78,0.105,1774656238.8597603
854274,19.16,0.45,19.79,0.106,1774656238.8707595
854285,19.16,0.45,19.8,0.107,1774656238.8817594
854296,19.33,0.45,19.81,0.075,1774656238.89276
854307,19.34,0.45,19.82,0.091,1774656238.9037592
854318,19.34,0.45,19.83,0.093,1774656238.9147594
854329,19.34,0.45,19.84,0.094,1774656238.9257588
854340,19.34,0.45,19.86,0.096,1774656238.936759
854351,19.34,0.45,19.87,0.097,1774656238.9477592
854363,19.34,0.45,19.88,0.098,1774656238.9587584
854374,19.34,0.45,19.89,0.1,1774656238.9697587
854385,19.34,0.45,19.9,0.101,1774656238.980758
854396,19.34,0.45,19.91,0.102,1774656238.9917574
854407,19.37,0.45,19.92,0.097,1774656239.0027578
854418,19.42,0.46,19.93,0.091,1774656239.0137582
854429,19.42,0.46,19.94,0.097,1774656239.024757
854440,19.42,0.45,19.95,0.098,1774656239.0357575
854451,19.42,0.45,19.97,0.1,1774656239.0463376
854462,19.48,0.46,19.98,0.09,1774656239.058339
854473,19.51,0.46,19.99,0.09,1774656239.0693398
854484,19.51,0.46,20.0,0.094,1774656239.0793395
854495,19.51,0.46,20.01,0.096,1774656239.090895
854506,19.51,0.46,20.02,0.097,1774656239.1018977
854517,19.51,0.46,20.03,0.098,1774656239.1128943
854528,19.51,0.46,20.04,0.1,1774656239.1238942
854539,19.57,0.46,20.05,0.09,1774656239.1348941
854550,19.6,0.46,20.07,0.09,1774656239.145895
854561,19.6,0.46,20.08,0.094,1774656239.1568937
854572,19.6,0.46,20.09,0.096,1774656239.1678941
854583,18.76,0.44,20.1,0.266,1774656239.1788943
854594,19.09,0.45,20.11,0.121,1774656239.1898963
854605,21.04,0.49,20.12,-0.21,1774656239.200896
854616,22.69,0.53,20.13,-0.381,1774656239.211897
854627,21.92,0.51,20.14,-0.07,1774656239.2228954
854638,21.62,0.5,20.15,-0.083,1774656239.2338943
854649,22.99,0.54,20.16,-0.385,1774656239.2449858
854660,22.02,0.52,20.18,-0.061,1774656239.2559848
854671,21.85,0.51,20.19,-0.118,1774656239.266985
854682,22.8,0.53,20.2,-0.324,1774656239.2779858
854693,22.13,0.52,20.21,-0.099,1774656239.288986
854704,21.62,0.51,20.22,-0.061,1774656239.299986
854715,22.78,0.53,20.23,-0.341,1774656239.310987
854726,21.77,0.51,20.24,-0.029,1774656239.3219857
854737,21.91,0.51,20.25,-0.152,1774656239.3329873
854748,22.81,0.53,20.26,-0.318,1774656239.3449879
854759,21.85,0.51,20.27,-0.041,1774656239.3549862
854770,22.16,0.52,20.29,-0.192,1774656239.3669875
854781,23.3,0.54,20.3,-0.391,1774656239.3769863
854792,21.59,0.5,20.31,-0.061,1774656239.3879862
854803,21.81,0.51,20.32,-0.147,1774656239.3990004
854814,22.77,0.53,20.33,-0.317,1774656239.4110014
854825,21.94,0.51,20.34,-0.061,1774656239.4210002
854836,21.96,0.51,20.35,-0.142,1774656239.4319997
854847,22.59,0.53,20.36,-0.267,1774656239.4439998
854858,21.76,0.51,20.37,-0.04,1774656239.454709
854869,22.52,0.53,20.38,-0.271,1774656239.4657087
854880,22.86,0.53,20.4,-0.267,1774656239.4767091
854891,22.14,0.52,20.41,-0.089,1774656239.487709
854902,22.56,0.53,20.42,-0.242,1774656239.4987085
854913,22.76,0.53,20.43,-0.24,1774656239.5097098
854924,21.29,0.5,20.44,0.072,1774656239.5207088
854935,23.03,0.55,20.45,-0.26,1774656239.5317101
854947,22.96,0.55,20.46,-0.236,1774656239.5427082
854958,22.0,0.53,20.47,-0.049,1774656239.5537074
854969,22.98,0.55,20.48,-0.337,1774656239.564707
854980,22.47,0.54,20.49,-0.141,1774656239.5757077
854991,21.84,0.52,20.51,-0.063,1774656239.5867064
855002,23.15,0.56,20.52,-0.384,1774656239.597287
855013,22.25,0.53,20.53,-0.079,1774656239.60929
855024,21.84,0.52,20.54,-0.084,1774656239.6192882
855035,22.92,0.55,20.55,-0.337,1774656239.6302884
855046,21.85,0.52,20.56,-0.02,1774656239.6422884
855057,22.04,0.53,20.57,-0.158,1774656239.65329
855068,22.9,0.55,20.58,-0.313,1774656239.6642897
855079,21.96,0.53,20.59,-0.043,1774656239.6752884
855090,22.25,0.53,20.6,-0.189,1774656239.68629
855101,23.04,0.55,20.62,-0.32,1774656239.6972897
855112,21.99,0.53,20.63,-0.033,1774656239.7083004
855123,22.37,0.54,20.64,-0.21,1774656239.7192993
855134,23.34,0.56,20.65,-0.366,1774656239.730301
855145,21.72,0.52,20.66,-0.036,1774656239.7413006
855156,22.12,0.53,20.67,-0.183,1774656239.7523003
855167,22.83,0.55,20.68,-0.288,1774656239.7633
855178,21.44,0.51,20.69,0.042,1774656239.774303
855189,23.05,0.55,20.7,-0.289,1774656239.7853003
855200,23.15,0.55,20.72,-0.26,1774656239.7963006
855211,21.94,0.52,20.73,-0.009,1774656239.8072996
855222,23.14,0.55,20.74,-0.341,1774656239.8183017
855233,22.72,0.54,20.75,-0.166,1774656239.8293307
855244,22.05,0.52,20.76,-0.07,1774656239.840626
855255,23.42,0.56,20.77,-0.402,1774656239.8516126
855266,22.14,0.53,20.78,-0.072,1774656239.862613
855277,21.85,0.52,20.79,-0.084,1774656239.873613
855288,23.04,0.55,20.8,-0.35,1774656239.8846145
855299,21.81,0.52,20.81,-0.02,1774656239.8956106
855310,21.87,0.52,20.83,-0.119,1774656239.9066114
855321,23.18,0.55,20.84,-0.374,1774656239.9176142
855332,22.13,0.52,20.85,-0.044,1774656239.9286144
855343,21.84,0.52,20.86,-0.081,1774656239.9396136
855354,23.37,0.55,20.87,-0.413,1774656239.9502432
855365,21.87,0.52,20.88,-0.082,1774656239.9612446
855376,22.05,0.52,20.89,-0.146,1774656239.9722438
855387,22.91,0.54,20.9,-0.299,1774656239.983243
855398,21.71,0.51,20.91,0.023,1774656239.9942417
855409,22.69,0.54,20.92,-0.288,1774656240.005864
855420,23.15,0.55,20.94,-0.286,1774656240.0161738
855431,21.82,0.52,20.95,0.024,1774656240.0271697
855442,22.65,0.54,20.96,-0.266,1774656240.0381703
855453,23.27,0.55,20.97,-0.314,1774656240.0491698
855464,21.7,0.51,20.98,0.017,1774656240.0601714
855475,22.78,0.54,20.99,-0.303,1774656240.0711696
855486,23.34,0.55,21.0,-0.313,1774656240.0821695
855497,21.44,0.51,21.01,0.017,1774656240.0941696
855508,22.86,0.55,21.02,-0.315,1774656240.1041694
855519,23.31,0.57,21.03,-0.299,1774656240.1161716
855531,21.47,0.53,21.05,0.032,1774656240.1271698
855542,22.62,0.55,21.06,-0.291,1774656240.1371694
855553,23.24,0.57,21.07,-0.306,1774656240.1487641
855564,21.56,0.53,21.08,0.025,1774656240.1593342
855575,22.94,0.56,21.09,-0.307,1774656240.1703317
855586,23.46,0.57,21.1,-0.318,1774656240.1819868
855597,21.39,0.52,21.11,0.013,1774656240.1929626
855608,22.76,0.55,21.12,-0.318,1774656240.203962
855619,23.23,0.57,21.13,-0.287,1774656240.2149627
855630,21.54,0.53,21.14,0.043,1774656240.2259626
855641,22.77,0.55,21.16,-0.288,1774656240.2369616
855652,23.39,0.57,21.17,-0.317,1774656240.2479618
855663,21.49,0.52,21.18,0.013,1774656240.2589617
855674,22.67,0.55,21.19,-0.293,1774656240.2699633
855685,23.42,0.57,21.2,-0.331,1774656240.2809606
855696,21.43,0.52,21.21,-0.0,1774656240.2918236
855707,22.64,0.55,21.22,-0.291,1774656240.3028183
855718,23.32,0.57,21.23,-0.312,1774656240.3138175
855729,21.6,0.53,21.24,0.019,1774656240.324817
855740,22.95,0.56,21.26,-0.312,1774656240.335818
855751,23.33,0.57,21.27,-0.283,1774656240.346818
855762,21.63,0.53,21.28,0.047,1774656240.3588197
855773,22.84,0.55,21.29,-0.284,1774656240.368817
855784,22.82,0.55,21.3,-0.189,1774656240.3798184
855795,21.26,0.51,21.31,0.122,1774656240.3908179
855806,22.95,0.55,21.32,-0.209,1774656240.4018173
855817,23.1,0.56,21.33,-0.233,1774656240.4128184
855828,22.39,0.54,21.34,-0.076,1774656240.4238179
855839,22.6,0.55,21.35,-0.184,1774656240.4348173
855850,23.25,0.56,21.37,-0.293,1774656240.4458194
855861,21.72,0.52,21.38,0.037,1774656240.4569626
855872,22.76,0.55,21.39,-0.279,1774656240.4679627
855883,23.27,0.56,21.4,-0.281,1774656240.4789653
855894,22.08,0.53,21.41,0.007,1774656240.4899633
855905,23.19,0.56,21.42,-0.324,1774656240.5009632
855916,23.16,0.56,21.43,-0.217,1774656240.5119631
855927,22.07,0.53,21.44,0.0,1774656240.5229633
855938,22.81,0.55,21.45,-0.251,1774656240.5339622
855949,23.28,0.56,21.46,-0.273,1774656240.5449634
855960,22.0,0.53,21.48,0.027,1774656240.5559623
855971,22.84,0.55,21.49,-0.262,1774656240.5669627
855982,22.84,0.55,21.5,-0.182,1774656240.5789642
855993,21.68,0.52,21.51,0.052,1774656240.5889626
856004,23.19,0.56,21.52,-0.279,1774656240.599963
856015,23.44,0.56,21.53,-0.266,1774656240.6114838
856026,22.07,0.53,21.54,0.032,1774656240.6224842
856037,22.93,0.55,21.55,-0.268,1774656240.6334827
856048,22.95,0.55,21.56,-0.191,1774656240.6444836
856059,21.6,0.52,21.57,0.082,1774656240.6554832
856070,23.36,0.56,21.59,-0.249,1774656240.6664822
856081,23.41,0.56,21.6,-0.239,1774656240.6774864
856092,21.52,0.52,21.61,0.092,1774656240.688484
856104,23.05,0.55,21.62,-0.239,1774656240.6997917
856115,23.37,0.56,21.63,-0.257,1774656240.710757
856126,21.61,0.52,21.64,0.074,1774656240.7217567
856137,23.0,0.55,21.65,-0.257,1774656240.7327552
856148,23.2,0.56,21.66,-0.226,1774656240.743757
856159,21.57,0.52,21.67,0.105,1774656240.7542648
856170,23.11,0.55,21.68,-0.226,1774656240.7652647
856181,23.06,0.55,21.7,-0.185,1774656240.7772655
856192,22.47,0.54,21.71,-0.071,1774656240.7872646
856203,23.19,0.55,21.72,-0.271,1774656240.799268
856214,22.93,0.55,21.73,-0.148,1774656240.8102682
856225,21.97,0.53,21.74,0.018,1774656240.82127
856236,23.25,0.56,21.75,-0.313,1774656240.8321025
856247,23.17,0.55,21.76,-0.191,1774656240.8431034
856258,22.26,0.53,21.77,-0.015,1774656240.8541036
856269,22.95,0.55,21.78,-0.238,1774656240.8651032
856280,23.42,0.56,21.8,-0.265,1774656240.8761032
856291,21.3,0.51,21.81,0.066,1774656240.8871026
856302,22.95,0.55,21.82,-0.265,1774656240.8981023
856313,23.07,0.55,21.83,-0.194,1774656240.9091027
856324,21.72,0.52,21.84,0.09,1774656240.9201024
856335,23.33,0.56,21.85,-0.241,1774656240.9311032
856346,23.38,0.56,21.86,-0.217,1774656240.9421024
856357,21.88,0.52,21.87,0.09,1774656240.9531019
856367,21.88,0.52,21.88,0.09,1774656240.963101
856377,23.22,0.56,21.89,-0.244,1774656240.973102
856387,23.23,0.56,21.9,-0.195,1774656240.9831011
856397,22.06,0.53,21.91,0.042,1774656240.9931023
856407,23.17,0.55,21.92,-0.289,1774656241.0031006
856417,23.29,0.55,21.93,-0.209,1774656241.0131004
856427,21.25,0.51,21.94,0.122,1774656241.0231
856437,22.98,0.55,21.95,-0.209,1774656241.0331
856447,23.12,0.55,21.96,-0.189,1774656241.0431008
856457,22.96,0.55,21.97,-0.145,1774656241.0531003
856467,22.61,0.54,21.98,-0.089,1774656241.0630999
856478,23.71,0.56,21.99,-0.341,1774656241.0741003
856489,22.13,0.53,22.0,-0.011,1774656241.0851
856500,22.5,0.54,22.02,-0.143,1774656241.0960999
856511,23.41,0.56,22.03,-0.29,1774656241.1070995
856522,22.05,0.53,22.04,0.041,1774656241.1181004
856533,23.1,0.55,22.05,-0.268,1774656241.1291006
856544,22.89,0.55,22.06,-0.125,1774656241.1406689
856555,22.09,0.53,22.07,0.015,1774656241.151668
856566,23.26,0.56,22.08,-0.295,1774656241.1626678
856577,23.14,0.55,22.09,-0.158,1774656241.1736674
856588,21.34,0.51,22.1,0.173,1774656241.1846683
856599,23.25,0.55,22.11,-0.158,1774656241.1956675
856610,24.37,0.58,22.13,-0.402,1774656241.2066677
856621,22.79,0.54,22.14,-0.072,1774656241.2176673
856632,21.4,0.51,22.15,0.15,1774656241.2286685
856643,23.24,0.55,22.16,-0.181,1774656241.2396672
856654,24.87,0.59,22.17,-0.5,1774656241.2506676
856665,22.35,0.53,22.18,-0.17,1774656241.2616665
856677,21.62,0.52,22.19,0.067,1774656241.2726665
856688,22.93,0.55,22.2,-0.263,1774656241.2836652
856699,23.17,0.55,22.21,-0.186,1774656241.2946658
856710,22.36,0.53,22.22,0.0,1774656241.3056664
856721,22.91,0.55,22.24,-0.187,1774656241.316665
856732,23.21,0.55,22.25,-0.193,1774656241.3276665
856743,22.68,0.54,22.26,-0.058,1774656241.338665
856754,23.08,0.55,22.27,-0.187,1774656241.3496659
856765,23.14,0.55,22.28,-0.16,1774656241.3606648
856776,22.86,0.54,22.29,-0.1,1774656241.371665
856787,23.61,0.56,22.3,-0.273,1774656241.3826652
856798,22.73,0.54,22.31,-0.026,1774656241.3936663
856809,23.09,0.55,22.32,-0.18,1774656241.4056778
856820,23.03,0.55,22.33,-0.134,1774656241.4156654
856831,23.13,0.55,22.35,-0.158,1774656241.4266665
856842,23.28,0.55,22.36,-0.179,1774656241.4382796
856853,23.23,0.55,22.37,-0.154,1774656241.4492705
856864,23.2,0.55,22.38,-0.151,1774656241.460389
856875,23.2,0.55,22.39,-0.153,1774656241.4713893
856886,23.2,0.55,22.4,-0.153,1774656241.4823918
856897,23.2,0.55,22.41,-0.152,1774656241.493392
856908,23.2,0.55,22.42,-0.151,1774656241.5043905
856919,23.2,0.55,22.43,-0.15,1774656241.5153902
856930,23.2,0.55,22.45,-0.149,1774656241.5263913
856941,23.2,0.55,22.46,-0.149,1774656241.53739
856952,23.2,0.55,22.47,-0.148,1774656241.5483906
856963,23.2,0.55,22.48,-0.147,1774656241.5593903
856974,23.2,0.55,22.49,-0.146,1774656241.5703893
856985,23.2,0.55,22.5,-0.145,1774656241.5813904
856996,23.2,0.55,22.51,-0.144,1774656241.5923898
857007,23.2,0.55,22.52,-0.143,1774656241.6033905
857018,23.2,0.55,22.53,-0.143,1774656241.6143904
857029,23.2,0.55,22.54,-0.142,1774656241.625391
857040,23.2,0.55,22.56,-0.141,1774656241.6363904
857051,23.2,0.55,22.57,-0.14,1774656241.64739
857062,23.2,0.55,22.58,-0.139,1774656241.6583896
857073,23.2,0.55,22.59,-0.138,1774656241.6693912
857084,23.2,0.55,22.6,-0.137,1774656241.6803901
857095,23.2,0.55,22.61,-0.136,1774656241.6909952
857106,23.2,0.55,22.62,-0.135,1774656241.701995
857117,23.2,0.55,22.63,-0.134,1774656241.7129936
857128,23.2,0.55,22.64,-0.134,1774656241.723994
857139,23.26,0.55,22.65,-0.144,1774656241.7349942
857150,23.29,0.55,22.67,-0.144,1774656241.745994
857161,23.29,0.55,22.68,-0.14,1774656241.7569938
857172,23.29,0.55,22.69,-0.139,1774656241.7679937
857183,23.29,0.55,22.7,-0.138,1774656241.7799976
857194,23.29,0.55,22.71,-0.137,1774656241.790997
857205,23.29,0.55,22.72,-0.137,1774656241.801996
857216,23.29,0.55,22.73,-0.136,1774656241.8129961
857227,23.29,0.55,22.74,-0.135,1774656241.8240092
857238,23.29,0.55,22.75,-0.134,1774656241.8348403
857249,23.29,0.55,22.76,-0.133,1774656241.845631
857261,23.29,0.55,22.78,-0.132,1774656241.856149
857272,23.29,0.55,22.79,-0.131,1774656241.8681526
857283,23.29,0.55,22.8,-0.13,1774656241.8781512
857294,23.29,0.55,22.81,-0.129,1774656241.8901534
857305,23.29,0.55,22.82,-0.128,1774656241.9011526
857316,23.29,0.55,22.83,-0.127,1774656241.912152
857327,23.29,0.55,22.84,-0.126,1774656241.9221494
857338,23.29,0.55,22.85,-0.125,1774656241.9341536
857349,23.29,0.55,22.86,-0.124,1774656241.9451516
857360,23.29,0.55,22.87,-0.123,1774656241.9561517
857371,23.29,0.55,22.89,-0.122,1774656241.9671516
857382,23.29,0.55,22.9,-0.121,1774656241.9781508
857393,23.29,0.55,22.91,-0.12,1774656241.989152
857404,23.33,0.55,22.92,-0.127,1774656242.0001528
857415,23.38,0.55,22.93,-0.133,1774656242.011314
857426,23.38,0.55,22.94,-0.127,1774656242.0222654
857437,23.38,0.55,22.95,-0.126,1774656242.0333447
857448,23.38,0.55,22.96,-0.125,1774656242.0443437
857459,23.38,0.55,22.97,-0.124,1774656242.0549767
857470,23.38,0.55,22.99,-0.123,1774656242.0659742
857481,23.38,0.55,23.0,-0.122,1774656242.0769758
857492,23.38,0.55,23.01,-0.121,1774656242.0879755
857503,23.38,0.55,23.02,-0.12,1774656242.0989752
857514,23.38,0.55,23.03,-0.119,1774656242.109975
857525,23.38,0.55,23.04,-0.118,1774656242.1209745
857536,23.38,0.55,23.05,-0.117,1774656242.1319754
857547,23.38,0.55,23.06,-0.116,1774656242.1429763
857558,23.38,0.55,23.07,-0.115,1774656242.1539752
857569,23.38,0.55,23.08,-0.114,1774656242.164974
857580,23.38,0.55,23.1,-0.113,1774656242.1759748
857591,23.38,0.54,23.11,-0.112,1774656242.186975
857602,23.38,0.54,23.12,-0.111,1774656242.1982787
857613,23.38,0.54,23.13,-0.11,1774656242.2092247
857624,23.46,0.55,23.14,-0.126,1774656242.2202258
857635,23.47,0.55,23.15,-0.117,1774656242.2312236
857646,23.47,0.55,23.16,-0.116,1774656242.242225
857657,23.47,0.55,23.17,-0.115,1774656242.2532241
857668,23.47,0.55,23.18,-0.114,1774656242.264224
857679,23.47,0.55,23.19,-0.113,1774656242.275224
857690,23.47,0.55,23.21,-0.112,1774656242.286226
857701,23.47,0.55,23.22,-0.111,1774656242.2972236
857712,23.47,0.55,23.23,-0.11,1774656242.3082247
857723,23.47,0.55,23.24,-0.109,1774656242.3192246
857734,23.47,0.55,23.25,-0.108,1774656242.3302236
857745,23.47,0.54,23.26,-0.107,1774656242.3412235
857756,23.47,0.54,23.27,-0.106,1774656242.3522234
857767,23.47,0.54,23.28,-0.105,1774656242.363228
857778,23.47,0.54,23.29,-0.104,1774656242.3742237
857789,23.47,0.54,23.3,-0.103,1774656242.3852234
857800,23.47,0.54,23.32,-0.101,1774656242.3967757
857811,23.54,0.55,23.33,-0.114,1774656242.4077764
857822,23.55,0.55,23.34,-0.11,1774656242.4187758
857833,23.55,0.55,23.35,-0.108,1774656242.4297767
857844,23.55,0.55,23.36,-0.107,1774656242.440776
857855,23.55,0.55,23.37,-0.105,1774656242.451933
857867,23.55,0.55,23.38,-0.104,1774656242.4629242
857878,23.55,0.55,23.39,-0.103,1774656242.4735048
857889,23.55,0.55,23.4,-0.102,1774656242.484504
857900,23.55,0.55,23.41,-0.101,1774656242.4955044
857911,23.55,0.54,23.43,-0.1,1774656242.5065038
857922,23.55,0.54,23.44,-0.099,1774656242.5175052
857933,23.55,0.54,23.45,-0.098,1774656242.5285053
857944,23.55,0.54,23.46,-0.097,1774656242.5395055
857955,23.55,0.54,23.47,-0.096,1774656242.5505052
857966,23.55,0.54,23.48,-0.095,1774656242.561505
857977,23.55,0.54,23.49,-0.094,1774656242.5725048
857988,23.55,0.54,23.5,-0.092,1774656242.583506
857999,23.55,0.54,23.51,-0.091,1774656242.594505
858010,23.61,0.54,23.53,-0.102,1774656242.605505
858021,23.64,0.55,23.54,-0.101,1774656242.6165056
858032,23.64,0.55,23.55,-0.097,1774656242.6275065
858043,23.64,0.55,23.56,-0.096,1774656242.6385047
858054,23.64,0.55,23.57,-0.095,1774656242.6495047
858065,23.64,0.55,23.58,-0.094,1774656242.6605046
858076,23.64,0.54,23.59,-0.093,1774656242.6715035
858087,23.64,0.54,23.6,-0.092,1774656242.6825042
858098,23.64,0.54,23.61,-0.091,1774656242.6945052
858109,23.64,0.54,23.62,-0.09,1774656242.7055094
858120,23.64,0.54,23.64,-0.088,1774656242.7165065
858131,23.64,0.54,23.65,-0.087,1774656242.727506
858142,23.64,0.54,23.66,-0.086,1774656242.7385051
858153,23.64,0.54,23.67,-0.085,1774656242.7496324
858164,23.64,0.54,23.68,-0.084,1774656242.7606328
858175,23.64,0.54,23.69,-0.083,1774656242.7716327
858186,23.64,0.54,23.7,-0.082,1774656242.7826314
858197,23.71,0.55,23.71,-0.094,1774656242.793632
858208,23.73,0.55,23.72,-0.09,1774656242.8046315
858219,23.73,0.55,23.73,-0.087,1774656242.8156312
858230,23.73,0.55,23.75,-0.086,1774656242.8266318
858241,23.73,0.54,23.76,-0.085,1774656242.8376315
858252,23.73,0.54,23.77,-0.084,1774656242.8486304
858263,23.73,0.54,23.78,-0.083,1774656242.8596313
858274,23.73,0.54,23.79,-0.082,1774656242.8706315
858285,23.73,0.54,23.8,-0.081,1774656242.8816328
858296,23.73,0.54,23.81,-0.079,1774656242.8921869
858307,23.73,0.54,23.82,-0.078,1774656242.903189
858318,23.73,0.54,23.83,-0.077,1774656242.9141865
858329,23.73,0.54,23.84,-0.076,1774656242.9251857
858340,23.73,0.54,23.86,-0.075,1774656242.9361851
858351,23.73,0.54,23.87,-0.074,1774656242.9471865
858362,23.81,0.55,23.88,-0.088,1774656242.9587572
858373,23.82,0.55,23.89,-0.082,1774656242.9697556
858384,23.82,0.55,23.9,-0.079,1774656242.980755
858395,23.82,0.55,23.91,-0.078,1774656242.9917545
858407,23.82,0.54,23.92,-0.077,1774656243.0023212
858418,23.82,0.54,23.93,-0.076,1774656243.0133216
858429,23.82,0.54,23.94,-0.075,1774656243.024321
858440,23.82,0.54,23.95,-0.073,1774656243.035321
858451,23.82,0.54,23.97,-0.072,1774656243.046321
858462,23.82,0.54,23.98,-0.071,1774656243.05785
858473,23.82,0.54,23.99,-0.07,1774656243.0688505
858484,23.82,0.54,24.0,-0.069,1774656243.0798495
858495,23.82,0.54,24.01,-0.068,1774656243.0908496
858506,23.82,0.54,24.02,-0.066,1774656243.101847
858517,23.82,0.54,24.03,-0.065,1774656243.1128879
858528,23.82,0.54,24.04,-0.064,1774656243.1238875
858539,23.29,0.53,24.05,0.043,1774656243.1348875
858550,23.25,0.53,24.06,0.002,1774656243.1454597
858561,22.85,0.52,24.08,0.081,1774656243.15699
858572,23.09,0.53,24.09,-0.004,1774656243.1679902
858583,23.64,0.54,24.1,-0.09,1774656243.1789901
858594,22.77,0.52,24.11,0.138,1774656243.1899898
858605,22.98,0.52,24.12,0.015,1774656243.20099
858616,24.38,0.56,24.13,-0.244,1774656243.2119877
858627,23.49,0.54,24.14,0.068,1774656243.2229893
858638,23.13,0.53,24.15,0.056,1774656243.233988
858649,23.63,0.54,24.16,-0.076,1774656243.245116
858660,24.34,0.55,24.18,-0.168,1774656243.2561185
858671,23.37,0.53,24.19,0.092,1774656243.267118
858682,23.29,0.53,24.2,0.02,1774656243.278118
858693,24.42,0.56,24.21,-0.213,1774656243.2891173
858704,23.39,0.53,24.22,0.101,1774656243.300117
858715,23.38,0.53,24.23,0.007,1774656243.3111172
858726,24.43,0.56,24.24,-0.203,1774656243.3221164
858737,23.34,0.53,24.25,0.116,1774656243.333116
858748,23.05,0.53,24.26,0.072,1774656243.3441164
858759,24.35,0.56,24.27,-0.213,1774656243.355116
858770,24.53,0.56,24.29,-0.125,1774656243.3661153
858781,23.31,0.53,24.3,0.136,1774656243.3771164
858792,24.18,0.55,24.31,-0.151,1774656243.3881156
858803,25.08,0.57,24.32,-0.249,1774656243.399116
858814,23.6,0.54,24.33,0.081,1774656243.4101171
858825,23.4,0.53,24.34,0.036,1774656243.4211154
858836,24.92,0.57,24.35,-0.286,1774656243.4321156
858847,24.14,0.55,24.36,0.014,1774656243.4431162
858858,22.96,0.52,24.37,0.179,1774656243.4542449
858869,24.4,0.56,24.38,-0.151,1774656243.465244
858880,24.19,0.55,24.4,-0.04,1774656243.476245
858891,25.19,0.57,24.41,-0.26,1774656243.4872444
858902,24.71,0.56,24.42,-0.068,1774656243.498244
858913,24.95,0.57,24.43,-0.159,1774656243.509246
858924,25.13,0.57,24.44,-0.174,1774656243.5202441
858935,24.63,0.56,24.45,-0.054,1774656243.531244
858946,24.53,0.56,24.46,-0.081,1774656243.542245
858957,24.04,0.55,24.47,0.009,1774656243.5532439
858968,24.43,0.56,24.48,-0.115,1774656243.564244
858980,25.13,0.57,24.49,-0.216,1774656243.5752454
858991,24.62,0.56,24.51,-0.048,1774656243.586244
859002,23.69,0.54,24.52,0.093,1774656243.5972445
859013,24.85,0.57,24.53,-0.228,1774656243.6082463
859024,24.72,0.56,24.54,-0.089,1774656243.6192443
859035,24.63,0.56,24.55,-0.083,1774656243.630245
859046,25.02,0.57,24.56,-0.169,1774656243.6412442
859057,24.81,0.57,24.57,-0.089,1774656243.6526835
859068,24.35,0.55,24.58,-0.015,1774656243.6636822
859079,24.3,0.55,24.59,-0.049,1774656243.6746829
859090,25.17,0.57,24.6,-0.225,1774656243.6856828
859101,24.67,0.56,24.62,-0.041,1774656243.6966822
859112,24.04,0.55,24.63,0.038,1774656243.7076826
859123,24.86,0.57,24.64,-0.185,1774656243.7186825
859134,24.47,0.56,24.65,-0.029,1774656243.7296827
859145,24.94,0.57,24.66,-0.157,1774656243.7406843
859156,24.08,0.55,24.67,0.059,1774656243.7522466
859167,24.55,0.56,24.68,-0.114,1774656243.7632463
859178,26.0,0.59,24.69,-0.359,1774656243.7742534
859189,24.77,0.56,24.7,-0.028,1774656243.785253
859200,23.94,0.54,24.72,0.076,1774656243.7962546
859211,24.32,0.55,24.73,-0.078,1774656243.807253
859222,25.42,0.58,24.74,-0.26,1774656243.818253
859233,24.84,0.56,24.75,-0.039,1774656243.829254
859244,24.13,0.55,24.76,0.049,1774656243.8402536
859255,25.63,0.58,24.77,-0.282,1774656243.8510547
859266,25.76,0.59,24.78,-0.199,1774656243.86169
859277,24.55,0.56,24.79,0.054,1774656243.8726897
859288,24.87,0.57,24.8,-0.123,1774656243.8836906
859299,26.04,0.59,24.81,-0.325,1774656243.8946817
859310,24.57,0.56,24.83,0.006,1774656243.9056802
859321,24.45,0.56,24.84,-0.034,1774656243.9166803
859332,24.62,0.56,24.85,-0.077,1774656243.928682
859343,25.8,0.59,24.86,-0.297,1774656243.9386811
859354,24.84,0.56,24.87,0.008,1774656243.9506834
859365,24.64,0.56,24.88,-0.041,1774656243.9616823
859376,25.22,0.57,24.89,-0.176,1774656243.9726837
859387,25.54,0.58,24.9,-0.184,1774656243.983685
859398,24.79,0.56,24.91,-0.002,1774656243.994682
859409,24.7,0.56,24.92,-0.055,1774656244.0052662
859420,26.48,0.6,24.94,-0.386,1774656244.0162668
859431,24.69,0.56,24.95,-0.056,1774656244.0279107
859442,24.13,0.55,24.96,0.053,1774656244.0385106
859453,24.35,0.55,24.97,-0.042,1774656244.0495114
859464,25.3,0.58,24.98,-0.211,1774656244.0605109
859475,25.22,0.57,24.99,-0.103,1774656244.0715106
859486,23.92,0.54,25.0,0.15,1774656244.08251
859497,25.96,0.59,25.01,-0.18,1774656244.0935087
859508,26.02,0.59,25.02,-0.196,1774656244.1045089
859519,25.73,0.59,25.03,-0.132,1774656244.1155086
859530,25.04,0.56,25.05,-0.021,1774656244.1265085
859541,25.84,0.58,25.06,-0.246,1774656244.1375084
859553,26.02,0.59,25.07,-0.206,1774656244.1485093
859564,24.2,0.54,25.08,0.125,1774656244.1595085
859575,25.71,0.58,25.09,-0.206,1774656244.1705086
859586,25.93,0.58,25.1,-0.197,1774656244.1815078
859597,25.42,0.57,25.11,-0.072,1774656244.192511
859608,25.29,0.57,25.12,-0.093,1774656244.2040806
859619,25.52,0.57,25.13,-0.15,1774656244.214441
859630,26.22,0.59,25.14,-0.268,1774656244.2254403
859641,24.89,0.56,25.16,0.062,1774656244.2364411
859652,25.56,0.57,25.17,-0.194,1774656244.248064
859663,26.33,0.59,25.18,-0.282,1774656244.2590277
859674,24.52,0.55,25.19,0.049,1774656244.2700284
859685,24.59,0.55,25.2,-0.032,1774656244.2810285
859696,25.76,0.58,25.21,-0.259,1774656244.2920277
859707,26.09,0.59,25.22,-0.213,1774656244.3030274
859718,24.86,0.56,25.23,0.067,1774656244.3140275
859729,25.18,0.56,25.24,-0.114,1774656244.3250256
859740,26.6,0.6,25.26,-0.366,1774656244.336027
859751,24.64,0.55,25.27,-0.035,1774656244.3470275
859762,24.52,0.55,25.28,0.0,1774656244.3580267
859773,24.83,0.55,25.29,-0.072,1774656244.3690286
859784,25.73,0.58,25.3,-0.221,1774656244.3800263
859795,25.76,0.58,25.31,-0.141,1774656244.3910272
859806,24.45,0.55,25.32,0.125,1774656244.4020276
859817,26.11,0.58,25.33,-0.205,1774656244.4130247
859828,25.83,0.58,25.34,-0.115,1774656244.4240246
859839,26.16,0.59,25.35,-0.207,1774656244.435025
859850,26.1,0.59,25.37,-0.164,1774656244.4460247
859861,26.02,0.58,25.38,-0.15,1774656244.456718
859872,26.09,0.59,25.39,-0.173,1774656244.4677184
859883,26.1,0.59,25.4,-0.167,1774656244.4793193
859894,26.1,0.59,25.41,-0.165,1774656244.490319
859905,26.1,0.58,25.42,-0.164,1774656244.5013194
859916,26.1,0.58,25.43,-0.164,1774656244.5123196
859927,26.1,0.58,25.44,-0.163,1774656244.5233173
859938,26.1,0.58,25.45,-0.162,1774656244.5343192
859949,26.1,0.58,25.46,-0.161,1774656244.545319
859960,26.1,0.58,25.48,-0.16,1774656244.5563188
859971,26.1,0.58,25.49,-0.159,1774656244.5673184
859982,26.1,0.58,25.5,-0.158,1774656244.5783176
859993,26.1,0.58,25.51,-0.157,1774656244.589317
860004,26.1,0.58,25.52,-0.157,1774656244.6003175
860015,26.1,0.58,25.53,-0.156,1774656244.611317
860026,26.1,0.58,25.54,-0.155,1774656244.6223164
860037,26.1,0.58,25.55,-0.154,1774656244.6333165
860048,26.1,0.58,25.56,-0.153,1774656244.6443172
860059,26.1,0.58,25.57,-0.152,1774656244.6553168
860070,26.1,0.58,25.59,-0.151,1774656244.666317
860081,26.1,0.58,25.6,-0.15,1774656244.6773174
860091,26.1,0.58,25.61,-0.15,1774656244.687317
860101,26.1,0.58,25.62,-0.149,1774656244.6973262
860111,26.1,0.58,25.63,-0.148,1774656244.7073371
860121,26.1,0.58,25.64,-0.147,1774656244.7173378
860132,26.1,0.58,25.65,-0.146,1774656244.7273388
860142,26.1,0.58,25.66,-0.145,1774656244.737337
860152,26.1,0.58,25.67,-0.144,1774656244.7473378
860162,26.1,0.58,25.68,-0.143,1774656244.7573378
860172,26.1,0.58,25.69,-0.142,1774656244.7673373
860182,26.1,0.58,25.7,-0.142,1774656244.7773378
860192,26.1,0.58,25.71,-0.141,1774656244.7873383
860203,26.1,0.58,25.72,-0.14,1774656244.7983372
860214,26.1,0.58,25.73,-0.139,1774656244.809338
860225,26.1,0.58,25.74,-0.138,1774656244.8203387
860236,26.1,0.58,25.75,-0.137,1774656244.831338
860247,26.1,0.58,25.76,-0.136,1774656244.8423378
860258,26.1,0.58,25.77,-0.135,1774656244.853338
860269,26.1,0.58,25.78,-0.134,1774656244.8643377
860280,26.1,0.58,25.79,-0.133,1774656244.8753386
860291,26.1,0.58,25.81,-0.132,1774656244.8863378
860302,26.1,0.58,25.82,-0.131,1774656244.8982446
860313,26.18,0.58,25.83,-0.145,1774656244.909244
860324,26.19,0.58,25.84,-0.139,1774656244.9202442
860335,26.19,0.58,25.85,-0.137,1774656244.9312446
860346,26.19,0.58,25.86,-0.136,1774656244.942243
860357,26.19,0.58,25.87,-0.135,1774656244.9532444
860368,26.19,0.58,25.88,-0.134,1774656244.9642425
860379,26.19,0.58,25.89,-0.133,1774656244.975245
860390,26.19,0.58,25.91,-0.132,1774656244.9862459
860401,26.19,0.58,25.92,-0.131,1774656244.9972446
860412,26.19,0.58,25.93,-0.13,1774656245.0081644
860423,26.19,0.58,25.94,-0.129,1774656245.0191646
860434,26.19,0.58,25.95,-0.128,1774656245.0301642
860445,26.19,0.58,25.96,-0.127,1774656245.0411644
860456,26.19,0.58,25.97,-0.126,1774656245.052164
860467,26.19,0.58,25.98,-0.125,1774656245.063165
860478,26.19,0.58,25.99,-0.123,1774656245.0741642
860489,26.28,0.58,26.0,-0.14,1774656245.085163
860500,26.28,0.58,26.02,-0.131,1774656245.0957363
860511,26.28,0.58,26.03,-0.13,1774656245.1067362
860522,26.28,0.58,26.04,-0.129,1774656245.1187391
860533,26.28,0.58,26.05,-0.128,1774656245.128737
860544,26.28,0.58,26.06,-0.127,1774656245.14074
860555,26.28,0.58,26.07,-0.125,1774656245.1517384
860566,26.28,0.58,26.08,-0.124,1774656245.1627393
860577,26.28,0.58,26.09,-0.123,1774656245.173739
860588,26.28,0.58,26.1,-0.122,1774656245.1847384
860599,26.28,0.58,26.11,-0.121,1774656245.195741
860610,26.28,0.58,26.13,-0.12,1774656245.2067387
860621,26.28,0.58,26.14,-0.119,1774656245.2177389
860632,26.28,0.58,26.15,-0.118,1774656245.2287407
860643,26.28,0.58,26.16,-0.117,1774656245.239739
860654,26.28,0.58,26.17,-0.116,1774656245.2503364
860665,26.28,0.58,26.18,-0.115,1774656245.261336
860677,26.28,0.58,26.19,-0.114,1774656245.2723362
860688,26.37,0.58,26.2,-0.13,1774656245.2833366
860699,26.37,0.58,26.21,-0.121,1774656245.2943397
860710,26.37,0.58,26.22,-0.12,1774656245.3053358
860721,26.37,0.58,26.24,-0.119,1774656245.3163369
860732,26.37,0.58,26.25,-0.118,1774656245.3273375
860743,26.37,0.58,26.26,-0.116,1774656245.3383365
860754,26.37,0.58,26.27,-0.115,1774656245.3493366
860765,26.37,0.58,26.28,-0.114,1774656245.3613381
860776,26.37,0.58,26.29,-0.113,1774656245.3713372
860787,26.37,0.58,26.3,-0.112,1774656245.3823366
860798,26.37,0.58,26.31,-0.111,1774656245.3933382
860809,26.37,0.58,26.32,-0.11,1774656245.4043365
860820,26.37,0.58,26.33,-0.109,1774656245.4153361
860831,26.37,0.58,26.35,-0.108,1774656245.4273386
860842,26.37,0.58,26.36,-0.107,1774656245.437336
860853,26.37,0.58,26.37,-0.105,1774656245.4493392
860864,26.37,0.58,26.38,-0.104,1774656245.4594808
860875,26.45,0.58,26.39,-0.121,1774656245.4704797
860886,26.46,0.58,26.4,-0.111,1774656245.4814794
860897,26.46,0.58,26.41,-0.11,1774656245.492481
860908,26.46,0.58,26.42,-0.109,1774656245.5034797
860919,26.46,0.58,26.43,-0.108,1774656245.5144792
860930,26.46,0.58,26.45,-0.107,1774656245.52548
860941,26.46,0.58,26.46,-0.106,1774656245.5364797
860952,26.46,0.58,26.47,-0.105,1774656245.5474794
860963,26.46,0.58,26.48,-0.103,1774656245.558482
860974,26.46,0.58,26.49,-0.102,1774656245.5694816
860985,26.46,0.58,26.5,-0.101,1774656245.581482
860996,26.46,0.58,26.51,-0.1,1774656245.5924804
861007,26.46,0.58,26.52,-0.099,1774656245.6034827
861018,26.46,0.58,26.53,-0.098,1774656245.6144814
861029,26.46,0.58,26.54,-0.097,1774656245.625482
861040,26.52,0.58,26.56,-0.109,1774656245.636482
861051,26.54,0.58,26.57,-0.105,1774656245.647008
861062,26.54,0.58,26.58,-0.102,1774656245.6580083
861073,26.54,0.58,26.59,-0.101,1774656245.6690078
861084,26.54,0.58,26.6,-0.1,1774656245.6800086
861095,26.54,0.58,26.61,-0.099,1774656245.69101
861106,26.54,0.58,26.62,-0.098,1774656245.702008
861117,26.54,0.58,26.63,-0.097,1774656245.713008
861128,26.54,0.58,26.64,-0.095,1774656245.724008
861139,26.54,0.58,26.65,-0.094,1774656245.7350082
861150,26.54,0.58,26.67,-0.093,1774656245.7460084
861161,26.54,0.58,26.68,-0.092,1774656245.7570095
861172,26.54,0.58,26.69,-0.091,1774656245.7680085
861183,26.63,0.58,26.7,-0.107,1774656245.7790093
861194,26.63,0.58,26.71,-0.098,1774656245.7900085
861205,26.63,0.58,26.72,-0.096,1774656245.8010085
861216,26.63,0.58,26.73,-0.095,1774656245.8120084
861227,26.63,0.58,26.74,-0.094,1774656245.823009
861238,26.63,0.58,26.75,-0.093,1774656245.834142
861249,26.63,0.58,26.76,-0.092,1774656245.8451426
861261,26.63,0.58,26.78,-0.091,1774656245.8561428
861272,26.63,0.58,26.79,-0.089,1774656245.8677912
861283,26.63,0.58,26.8,-0.088,1774656245.878782
861294,26.63,0.58,26.81,-0.087,1774656245.8897839
861305,26.63,0.58,26.82,-0.086,1774656245.9007833
861316,26.63,0.58,26.83,-0.085,1774656245.9117832
861327,26.63,0.58,26.84,-0.083,1774656245.9227827
861338,26.63,0.58,26.85,-0.082,1774656245.9337842
861349,25.32,0.55,26.86,0.182,1774656245.9447844
861360,25.71,0.56,26.87,-0.02,1774656245.955783
861371,27.14,0.59,26.89,-0.266,1774656245.9667816
861382,25.93,0.56,26.9,0.065,1774656245.9777818
861393,25.68,0.56,26.91,0.049,1774656245.9887836
861404,25.99,0.56,26.92,-0.035,1774656245.9997826
861415,26.09,0.57,26.93,-0.024,1774656246.0107818
861426,26.46,0.57,26.94,-0.088,1774656246.0217805
861437,26.46,0.57,26.95,-0.051,1774656246.0327802
861448,26.28,0.57,26.96,-0.015,1774656246.044374
861459,26.43,0.57,26.97,-0.06,1774656246.0547743
861470,26.51,0.58,26.99,-0.06,1774656246.065747
861481,26.37,0.57,27.0,-0.023,1774656246.076747
861492,26.37,0.57,27.01,-0.035,1774656246.087747
861503,26.45,0.57,27.02,-0.051,1774656246.0993264
861514,26.46,0.57,27.03,-0.042,1774656246.1103256
861525,26.46,0.57,27.04,-0.04,1774656246.1213253
861536,26.46,0.57,27.05,-0.039,1774656246.1323268
861547,26.46,0.57,27.06,-0.037,1774656246.1433253
861558,26.46,0.57,27.07,-0.036,1774656246.1543252
861569,26.46,0.57,27.08,-0.035,1774656246.165326
861580,26.46,0.57,27.1,-0.033,1774656246.1763248
861591,26.46,0.57,27.11,-0.032,1774656246.187325
861602,26.46,0.57,27.12,-0.031,1774656246.1983252
861613,26.46,0.57,27.13,-0.029,1774656246.2096097
861624,26.46,0.57,27.14,-0.028,1774656246.219712
861635,26.46,0.57,27.15,-0.026,1774656246.2307115
861646,26.46,0.57,27.16,-0.025,1774656246.241712
861657,26.46,0.57,27.17,-0.024,1774656246.2527122
861668,26.46,0.57,27.18,-0.022,1774656246.2637112
861679,26.46,0.57,27.19,-0.021,1774656246.2747116
861690,26.46,0.57,27.21,-0.019,1774656246.286714
861701,26.46,0.57,27.22,-0.018,1774656246.2977142
861712,26.46,0.57,27.23,-0.016,1774656246.3087127
861723,26.46,0.57,27.24,-0.015,1774656246.3197148
861734,26.46,0.57,27.25,-0.014,1774656246.3307133
861745,26.46,0.57,27.26,-0.012,1774656246.341294
861756,26.46,0.57,27.27,-0.011,1774656246.3522935
861767,26.46,0.57,27.28,-0.009,1774656246.3632934
861778,26.46,0.57,27.29,-0.008,1774656246.374294
861789,26.46,0.57,27.3,-0.006,1774656246.3852932
861800,26.46,0.57,27.32,-0.005,1774656246.3962936
861811,26.46,0.57,27.33,-0.003,1774656246.4072936
861822,26.46,0.57,27.34,-0.002,1774656246.418294
861833,26.52,0.57,27.35,-0.014,1774656246.429294
861845,26.54,0.57,27.36,-0.01,1774656246.440295
861856,26.54,0.57,27.37,-0.007,1774656246.4512935
861867,26.54,0.57,27.38,-0.005,1774656246.4620671
861878,26.54,0.57,27.39,-0.004,1774656246.4736845
861889,26.54,0.57,27.4,-0.003,1774656246.4846854
861900,26.54,0.57,27.41,-0.001,1774656246.495684
861911,26.54,0.57,27.43,0.0,1774656246.5066836
861922,26.54,0.57,27.44,0.002,1774656246.517683
861933,26.54,0.57,27.45,0.003,1774656246.528683
861944,26.54,0.57,27.46,0.005,1774656246.5396824
861955,26.54,0.57,27.47,0.006,1774656246.5506816
861966,26.63,0.57,27.48,-0.009,1774656246.5616832
861977,26.63,0.57,27.49,-0.0,1774656246.5726824
861988,26.63,0.57,27.5,0.001,1774656246.5836823
861999,26.63,0.57,27.51,0.003,1774656246.5942726
862010,26.63,0.57,27.53,0.004,1774656246.6052725
862021,26.63,0.57,27.54,0.006,1774656246.6172748
862032,26.63,0.57,27.55,0.007,1774656246.6282747
862043,26.63,0.57,27.56,0.009,1774656246.639275
862054,26.63,0.57,27.57,0.01,1774656246.6502755
862065,26.63,0.57,27.58,0.012,1774656246.6612744
862076,26.63,0.57,27.59,0.013,1774656246.672274
862087,26.63,0.57,27.6,0.015,1774656246.6832738
862098,25.79,0.55,27.61,0.185,1774656246.6942742
862109,26.61,0.57,27.62,-0.058,1774656246.7052748
862120,27.21,0.58,27.64,-0.098,1774656246.7162747
862131,26.08,0.56,27.65,0.187,1774656246.727273
862142,26.37,0.56,27.66,0.022,1774656246.7382758
862153,27.2,0.58,27.67,-0.115,1774656246.749277
862164,26.08,0.56,27.68,0.19,1774656246.7602727
862175,26.4,0.56,27.69,0.02,1774656246.7712746
862186,27.24,0.58,27.7,-0.115,1774656246.7822762
862197,26.05,0.55,27.71,0.205,1774656246.7932746
862208,26.6,0.57,27.72,-0.016,1774656246.8042765
862219,27.37,0.59,27.73,-0.118,1774656246.8152745
862230,25.82,0.55,27.75,0.213,1774656246.8262732
862241,26.6,0.57,27.76,-0.035,1774656246.8372743
862252,27.37,0.59,27.77,-0.112,1774656246.848274
862263,25.75,0.55,27.78,0.218,1774656246.859276
862274,26.7,0.57,27.79,-0.055,1774656246.8702724
862285,27.42,0.59,27.8,-0.109,1774656246.881273
862296,26.19,0.56,27.81,0.206,1774656246.8922727
862307,26.69,0.57,27.82,-0.008,1774656246.903272
862318,27.68,0.6,27.83,-0.158,1774656246.9142718
862329,26.32,0.56,27.84,0.173,1774656246.9252725
862340,26.07,0.56,27.86,0.133,1774656246.9362717
862351,27.41,0.59,27.87,-0.157,1774656246.9472723
862362,27.28,0.59,27.88,-0.004,1774656246.958275
862373,26.29,0.56,27.89,0.185,1774656246.9692726
862384,27.07,0.58,27.9,-0.064,1774656246.9802725
862395,27.38,0.59,27.91,-0.051,1774656246.9912717
862406,26.23,0.55,27.92,0.211,1774656247.0022714
862418,27.13,0.57,27.93,-0.077,1774656247.0132725
862429,27.4,0.58,27.94,-0.044,1774656247.0242717
862440,26.22,0.55,27.95,0.219,1774656247.0352716
862451,27.27,0.58,27.97,-0.101,1774656247.0462718
862462,27.35,0.58,27.98,-0.016,1774656247.0572717
862473,26.17,0.55,27.99,0.228,1774656247.0682738
862484,27.37,0.58,28.0,-0.102,1774656247.0792725
862495,27.58,0.58,28.01,-0.048,1774656247.0902724
862506,26.15,0.55,28.02,0.259,1774656247.1012716
862517,27.19,0.57,28.03,-0.071,1774656247.1122713
862528,27.47,0.58,28.04,-0.039,1774656247.1232727
862539,27.13,0.57,28.05,0.057,1774656247.1342714
862550,27.03,0.57,28.06,0.046,1774656247.1452723
862561,27.94,0.59,28.08,-0.143,1774656247.1562724
862572,26.5,0.56,28.09,0.188,1774656247.1672719
862583,26.75,0.56,28.1,0.047,1774656247.1782725
862594,28.01,0.59,28.11,-0.179,1774656247.1892743
862605,26.58,0.56,28.12,0.152,1774656247.2012749
862616,26.05,0.54,28.13,0.2,1774656247.2112722
862627,27.37,0.58,28.14,-0.114,1774656247.2232747
862638,27.06,0.57,28.15,0.074,1774656247.2342749
862649,27.43,0.58,28.16,-0.028,1774656247.2452745
862660,27.94,0.59,28.18,-0.092,1774656247.2562752
862671,26.98,0.56,28.19,0.148,1774656247.2665172
862682,27.61,0.58,28.2,-0.066,1774656247.2775197
862693,27.18,0.57,28.21,0.081,1774656247.2885172
862704,27.32,0.57,28.22,0.013,1774656247.2995183
862715,26.77,0.56,28.23,0.138,1774656247.3105192
862726,27.13,0.57,28.24,0.017,1774656247.3225203
862737,27.32,0.57,28.25,0.013,1774656247.333521
862748,27.78,0.58,28.26,-0.059,1774656247.3440769
862759,27.53,0.58,28.27,0.036,1774656247.3550766
862770,27.41,0.57,28.29,0.038,1774656247.3660765
862781,27.86,0.59,28.3,-0.061,1774656247.3770776
862792,27.31,0.57,28.31,0.091,1774656247.3880763
862803,27.45,0.58,28.32,0.014,1774656247.3990767
862814,26.99,0.56,28.33,0.12,1774656247.4100773
862825,27.11,0.57,28.34,0.054,1774656247.421315
862836,27.33,0.57,28.35,0.023,1774656247.4320762
862847,27.6,0.58,28.36,-0.008,1774656247.4430773
862858,27.92,0.59,28.37,-0.046,1774656247.4542367
862869,27.57,0.58,28.38,0.056,1774656247.4652128
862880,27.57,0.58,28.4,0.024,1774656247.4762144
862891,28.03,0.59,28.41,-0.067,1774656247.4872332
862902,27.23,0.57,28.42,0.14,1774656247.4982333
862913,27.24,0.57,28.43,0.062,1774656247.5091414
862924,27.93,0.59,28.44,-0.073,1774656247.5201366
862935,27.41,0.57,28.45,0.097,1774656247.5311368
862946,27.18,0.57,28.46,0.097,1774656247.5421376
862957,27.52,0.58,28.47,0.007,1774656247.5531383
862968,27.13,0.57,28.48,0.12,1774656247.5641365
862979,27.16,0.57,28.49,0.077,1774656247.5751376
862990,27.68,0.58,28.51,-0.021,1774656247.5861363
863002,27.56,0.58,28.52,0.053,1774656247.5971365
863013,27.6,0.58,28.53,0.035,1774656247.6081374
863024,26.75,0.56,28.54,0.211,1774656247.619139
863035,27.68,0.58,28.55,-0.054,1774656247.6301365
863046,27.63,0.58,28.56,0.046,1774656247.641137
863057,27.67,0.58,28.57,0.034,1774656247.6521368
863068,27.17,0.57,28.58,0.139,1774656247.6639688
863079,27.34,0.57,28.59,0.06,1774656247.674968
863090,27.91,0.58,28.6,-0.036,1774656247.6859689
863101,27.52,0.57,28.62,0.096,1774656247.6969688
863112,27.35,0.57,28.63,0.097,1774656247.7079797
863123,27.72,0.58,28.64,0.007,1774656247.7189803
863134,27.25,0.57,28.65,0.138,1774656247.72998
863145,27.23,0.57,28.66,0.099,1774656247.7409804
863156,26.83,0.56,28.67,0.178,1774656247.751981
863167,26.97,0.56,28.68,0.116,1774656247.7629795
863178,27.41,0.57,28.69,0.041,1774656247.77398
863189,27.61,0.57,28.7,0.045,1774656247.7849793
863200,27.6,0.57,28.72,0.067,1774656247.7954895
863211,27.6,0.57,28.73,0.068,1774656247.8064888
863222,27.6,0.57,28.74,0.07,1774656247.817489
863233,27.6,0.57,28.75,0.071,1774656247.8284898
863244,27.6,0.57,28.76,0.073,1774656247.8400578
863255,27.6,0.57,28.77,0.074,1774656247.8510559
863266,27.6,0.57,28.78,0.076,1774656247.862055
863277,27.6,0.57,28.79,0.078,1774656247.8734727
863288,27.6,0.57,28.8,0.079,1774656247.8842676
863299,27.6,0.57,28.81,0.081,1774656247.8953347
863310,27.6,0.57,28.83,0.082,1774656247.9055872
863321,27.6,0.57,28.84,0.084,1774656247.9165874
863332,27.63,0.57,28.85,0.079,1774656247.92859
863343,27.69,0.57,28.86,0.073,1774656247.938587
863354,27.69,0.57,28.87,0.08,1774656247.9501088
863365,27.69,0.57,28.88,0.081,1774656247.961109
863376,27.69,0.57,28.89,0.083,1774656247.9721074
863387,27.69,0.57,28.9,0.084,1774656247.9831088
863398,27.69,0.57,28.91,0.086,1774656247.994108
863409,27.69,0.57,28.92,0.088,1774656248.0051079
863420,27.69,0.57,28.94,0.089,1774656248.0161083
863431,27.69,0.57,28.95,0.091,1774656248.0271096
863442,27.69,0.57,28.96,0.092,1774656248.038108
863453,27.72,0.57,28.97,0.087,1774656248.0496502
863464,27.77,0.57,28.98,0.081,1774656248.0605385
863475,27.77,0.57,28.99,0.088,1774656248.071526
863486,27.77,0.57,29.0,0.09,1774656248.0825264
863497,27.77,0.57,29.01,0.091,1774656248.0935261
863508,27.77,0.57,29.02,0.093,1774656248.1045265
863519,27.77,0.57,29.03,0.094,1774656248.1155264
863530,27.77,0.57,29.05,0.096,1774656248.1265244
863541,27.77,0.57,29.06,0.098,1774656248.1375256
863552,27.77,0.57,29.07,0.099,1774656248.1485252
863564,27.77,0.57,29.08,0.101,1774656248.159081
863575,27.83,0.57,29.09,0.091,1774656248.170082
863586,27.86,0.58,29.1,0.092,1774656248.1810806
863597,27.86,0.58,29.11,0.096,1774656248.1920812
863608,27.86,0.57,29.12,0.098,1774656248.2030807
863619,27.86,0.57,29.13,0.1,1774656248.2140813
863630,27.86,0.57,29.14,0.101,1774656248.2258155
863641,27.86,0.57,29.16,0.103,1774656248.2368145
863652,27.86,0.57,29.17,0.105,1774656248.2478125
863663,27.86,0.57,29.18,0.106,1774656248.2584176
863674,27.86,0.57,29.19,0.108,1774656248.2694008
863685,27.86,0.57,29.2,0.109,1774656248.2804012
863696,27.93,0.58,29.21,0.097,1774656248.2919831
863707,27.95,0.58,29.22,0.102,1774656248.3029845
863718,27.95,0.58,29.23,0.105,1774656248.313985
863729,27.95,0.58,29.24,0.107,1774656248.3249836
863740,27.95,0.58,29.26,0.108,1774656248.3359847
863751,27.95,0.58,29.27,0.11,1774656248.3469846
863762,27.95,0.57,29.28,0.112,1774656248.357987
863773,27.95,0.57,29.29,0.113,1774656248.3689852
863784,27.95,0.57,29.3,0.115,1774656248.3799846
863795,28.04,0.58,29.31,0.099,1774656248.3909857
863806,28.04,0.58,29.32,0.109,1774656248.4015346
863817,28.04,0.58,29.33,0.11,1774656248.412535
863828,28.04,0.58,29.34,0.112,1774656248.4235353
863839,28.04,0.58,29.35,0.114,1774656248.4345355
863850,28.04,0.58,29.37,0.115,1774656248.445536
863861,28.04,0.58,29.38,0.117,1774656248.4566755
863872,28.04,0.58,29.39,0.119,1774656248.468313
863883,28.04,0.58,29.4,0.12,1774656248.4793124
863894,28.04,0.58,29.41,0.122,1774656248.490312
863905,26.89,0.55,29.42,0.353,1774656248.5013127
863916,27.63,0.57,29.43,0.098,1774656248.5123127
863927,29.03,0.6,29.44,-0.11,1774656248.523312
863938,28.44,0.58,29.45,0.143,1774656248.5343122
863949,28.88,0.59,29.46,0.0,1774656248.5448942
863960,28.91,0.59,29.48,0.037,1774656248.5558932
863971,28.4,0.58,29.49,0.143,1774656248.5668936
863982,29.11,0.6,29.5,-0.045,1774656248.5778944
863993,28.89,0.59,29.51,0.068,1774656248.5888941
864004,28.17,0.58,29.52,0.192,1774656248.599894
864015,28.89,0.59,29.53,-0.019,1774656248.6108954
864026,29.35,0.6,29.54,-0.043,1774656248.621894
864037,28.77,0.59,29.55,0.119,1774656248.632894
864048,28.75,0.59,29.56,0.07,1774656248.6438944
864059,29.25,0.6,29.57,-0.03,1774656248.6548934
864070,28.74,0.59,29.59,0.12,1774656248.6658936
864081,28.53,0.58,29.6,0.115,1774656248.676894
864092,29.56,0.61,29.61,-0.11,1774656248.687894
864103,28.94,0.59,29.62,0.113,1774656248.699897
864114,28.7,0.59,29.63,0.104,1774656248.7108955
864126,29.08,0.6,29.64,0.006,1774656248.721896
864137,28.89,0.59,29.65,0.083,1774656248.7328959
864148,28.31,0.58,29.66,0.182,1774656248.743894
864159,29.74,0.61,29.67,-0.149,1774656248.7548962
864170,28.92,0.59,29.68,0.144,1774656248.7658958
864181,28.62,0.58,29.7,0.126,1774656248.7768962
864192,29.66,0.61,29.71,-0.108,1774656248.787896
864203,29.06,0.59,29.72,0.111,1774656248.798456
864214,28.57,0.58,29.73,0.155,1774656248.8094568
864225,29.76,0.61,29.74,-0.13,1774656248.820455
864236,29.12,0.59,29.75,0.113,1774656248.8314557
864247,28.73,0.59,29.76,0.132,1774656248.8429766
864258,29.44,0.6,29.77,-0.046,1774656248.8539784
864269,29.03,0.59,29.78,0.106,1774656248.8649783
864280,28.65,0.58,29.8,0.144,1774656248.875979
864291,29.9,0.61,29.81,-0.142,1774656248.886978
864302,29.07,0.59,29.82,0.145,1774656248.8979778
864313,28.7,0.58,29.83,0.142,1774656248.9089878
864324,29.87,0.61,29.84,-0.126,1774656248.9199905
864335,29.13,0.59,29.85,0.134,1774656248.9309895
864346,28.76,0.58,29.86,0.139,1774656248.941989
864357,29.83,0.61,29.87,-0.109,1774656248.9529893
864368,28.66,0.58,29.88,0.222,1774656248.9639895
864379,28.66,0.58,29.89,0.119,1774656248.97499
864390,29.68,0.61,29.91,-0.083,1774656248.985989
864401,28.64,0.58,29.92,0.222,1774656248.9969895
